text,career
azure sql server functions app services log storage security key vault load balancing ci/cd pipelines logic app devops,Cloud Architect
cloud architect delivery engineer devops cloud security cloud strategy architecture design google professional cloud architect aws solution architect professional azure mcse cloud platform and infrastructure infrastructure as code chaos engineering virtual networks,Cloud Architect
cloud delivery engineer architect google professional cloud architect aws solution architect professional azure mcse cloud platform and infrastructure devops web services application programming interfaces apis servers infrastructure platform sizing infrastructure cost reduction,Cloud Architect
aws azure gcp cloud security information assurance software engineering systems engineering cloud architecture cloud technology cloudbased services cloudbased operations multicloud environments,Cloud Architect
data modeling metadata repository data standards data management strategy data integration data security data reuse data services data classification auditing network administration rhel,Cloud Architect
cloud architect crm microsoft dynamics crm dynamics 365 business solutions customer service finance operations field services interpersonal skills collaboration,Cloud Architect
salesforce commerce cloud demandware javascript html css crossbrowser compatibility w3c compatibility jquery cross cloud framework responsive design multisite architecture multilocale architecture,Cloud Architect
cloud infrastructure engineering hybrid cloud solutions aws azure virtualization technologies network architectures data center operations platform migrations infrastructure as code iac tools terraform cloudformation security principles secure hybrid cloud systems problemsolving skills,Cloud Architect
azure cloud architect enterprise architecture microsoft azure services microsoft server products linux redhat ubuntu it infrastructure application development strategic planning data analysis application administration innovation,Cloud Architect
cloud architect infrastructure as code iac chaos engineering virtual networks continuous integration and delivery containerization linux database skills security and recovery web services and applications programming interfaces apis devops site reliability engineering,Cloud Architect
azure aws gcp infrastructure as code iac chaos engineering virtual networks network management functions cloud solutions continuous integration continuous delivery devops devsecops,Cloud Architect
cloud architect active directory administrator m365/azure network engineering security powershell architecture windows server kpi dns ad lan,Cloud Architect
cloud architecture cloud strategy cloud services cloud platforms cloud environments cloud security cloud compliance devops containerization data analytics data lake storage platforms,Cloud Architect
cloud architect google cloud platform gcp cloud design cloud implementation cloud optimization cloud strategy cloudnative services infrastructure management security compliance cost management devops,Cloud Architect
aws cloud architect aws ec2 aws services scada system integration data manipulation system support system design utility development client support infrastructure design aws cloud networking,Cloud Architect
aws microsoft azure cloud infrastructure security scalability reliability development qa linux windows postgres mssql,Cloud Architect
aws cloud services programming architecture scalable systems high availability technical architecture skills futureproof solutions complex global solutions applications migration to cloud customer requirements analysis product recommendations,Cloud Architect
azure sql .net infrastructure strategy governance development leadership mentorship,Cloud Architect
enterprise cloud architecture cloud services healthcare infrastructure platform application architecture emerging technologies project technology decisions enterprise architecture standards policies architecture challenges,Cloud Architect
cloud architecture infrastructure design cloudbased solutions genomic data clinical data data integration deployment strategies scalability security data governance hipaa compliance performance optimization,Cloud Architect
cloud architecture microsoft azure aws paas infrastructure terraform cloud/ devops aws governance azure governance automation configuration management infrastructure provisioning,Cloud Architect
google cloud architect cloudbased systems network infrastructure security data application development gcp enterprise architecture hybrid cloud deployments onpremisetocloud migration cloud adoption roadmap cloud suitability,Cloud Architect
cloud architecture wellarchitected framework waf cloud solutions cloud environments cloud infrastructure efficiency performance business objectives technical solutions system integration business requirements design meetings,Cloud Architect
cloud architect cloud computing highperformance computing hpc analytics solutions software development application integration security data integrity disaster recovery agile methodology scrum kubernetes,Cloud Architect
togaf itil safe microsoft stack etl azure data factory relational database apis devsecops security frameworks cloudnative microservices,Cloud Architect
cloud architecture full stack architecture cloud native architectures azure google cloud system pivotal data driven design c/c++ programming code review tcp/udp socket programming multithreading callback programming,Cloud Architect
aws cloud architect kubernetes terraform aws eks jenkins rundeck infrastructure,Cloud Architect
cloud architecture aws data engineering big data data analysis machine learning cloud security data warehousing data pipelines cloud computing data mining devops,Cloud Architect
cloud architect operations designer aws azure google cloud platform data pipeline engineering networking iot devsecops information assurance cloud security,Cloud Architect
cloud solution design cloud security azure platform azure app services data management azure sql database azure cosmos db azure blob storage azure active directory identity and access management high availability disaster recovery,Cloud Architect
salesforce sql powerbi c# .net enterprise salesforce implementation crm or erp implementations data conversion extension development,Cloud Architect
cloud deployment cloud delivery architect cloud engineer infrastructure provisioning configuration pipeline design architecture devops web services application programming interfaces apis cloud infrastructure troubleshooting server infrastructure,Cloud Architect
data engineering data architecture cloud computing gcp serverless dataflow bigquery dataproc dataform spark sql python,Cloud Architect
cloud architect aws azure billing automation cloud migration team leadership client collaboration performance optimization security and compliance documentation troubleshooting and support computer science,Cloud Architect
aws azure cloud architect cloud infrastructure design billing automation cloud migration team leadership client collaboration performance optimization security and compliance documentation troubleshooting and support,Cloud Architect
cloud architecture cloud computing devops cloud security disaster recovery iaas paas saas java c++ python aws,Cloud Architect
azure azure ad key vault security center azure network security virtualization technologies compliance frameworks gdpr hipaa iso 27001 microsoft certified azure security engineer associate,Cloud Architect
java spring mvc spring boot hibernate struts microservices domaindriven design ddd objectoriented analysis and design ooad distributed applications cloudformation terraform aws,Cloud Architect
software architect data platforms ai machine learning data analytics cloud computing aws java python scala hadoop spark,Cloud Architect
kubernetes python cloud computing hpc data processing cloud services system integration problemsolving communication interpersonal leadership team collaboration,Cloud Architect
sharepoint online microsoft teams sharepoint hybrid architectures power platform power apps power automate dataverse power bi nintex sharegate azure machine learning azure data factory,Cloud Architect
java cloud architect paas docker kubernetes microservices serverless data migration data integration automation monitoring logging,Cloud Architect
agile microservices service oriented architecture cloud architecture docker kubernetes scrum lean xp soap web api rest api,Cloud Architect
cloud architect azure aws iam budgets cloudwatch cloudtrail splunk ec2 sql server developer aws glue aws athena,Cloud Architect
software engineering rest apis microservices api gateways containers automation cloud architecture development experience bian oauth mutual ssl api style guides,Cloud Architect
cloud architecture devops uc2 and uc2s aws aws technologies s3 ec2 sqs sns lambda cdk etc. java spring angular postgres oracle mysql data storage and computing distributed systems,Cloud Architect
cloud architect devops site reliability engineering sre infrastructure as code iac aws linux containerization cloud native ci/cd cloud governance terraform cloudformation,Cloud Architect
server technologies microsoft linux active directory exchange office 365 windows servers vmware aws sysops networking devops scripting/automation,Cloud Architect
cloud architecture leadership mentoring collaboration cloud engineering project management team management automation orchestration devops search relational databases,Cloud Architect
cloud services infrastructure as code azure devops gitlab containers cloud monitoring alerting services ci/cd configuration management tools cloud platforms business cases english,Cloud Architect
aws cloud architect aws cloud formation uso active directory government cloud experience cloud infrastructure design identity management automation networking awsbased cloud environment cloud growth governance policies,Cloud Architect
cloud architect kubernetes python analytics cloud computing highperformance computing hpc software architecture system integration data processing problemsolving communication interpersonal skills,Cloud Architect
sharepoint gui microsoft teams power platform power apps power automate dataverse power bi nintex sharegate azure machine learning azure data factory,Cloud Architect
senior cloud architect aws it architecture aws cloud software architecture software design cloud architecture enterprise architecture solution architecture cloud migration software development java,Cloud Architect
cloud migration cloud environments disaster recovery solutions cloud platforms application assessments public sector experience application architecture infrastructure architecture cloud services operating systems programming languages public cloud experience,Cloud Architect
cloud architect cloud design cloud development cloud implementation cloud paas cloud iaas vmware aws kubernetes azure systems certifications cloud certifications,Cloud Architect
cloud architect cloud solution architecture kubernetes security aws azure terraform cloudformation aws cdk iac bash python,Cloud Architect
cloud architect azure architect cloud computing microservices docker kubernetes linux windows server vmware esxi routing subnetting firewalling,Cloud Architect
microsoft azure cloud architecture azure cloud solutions architect paas webapp azure database services azure kubernetes azure datalake azure devops cloud computing data integration troubleshooting,Cloud Architect
azure architecture api development sql etl processes cloudbased database architecture azure data warehouse data security data integrity data compliance data quality control apis data exchange,Cloud Architect
solution architecture cloud architectures aws azure cloud and hybrid cloud implementations open source code and frameworks emerging technologies distributed computing principles micro/mini services containerbased apis docker kubernetes java/j2ee spring,Cloud Architect
cloud services enterprise architecture application architect core components it s emerging technologies security networking,Cloud Architect
aws kubernetes containerbased solutions gaming industry banking industry entertainment industry it systems design it systems deployment,Cloud Architect
sharepoint online microsoft teams sharepoint hybrid architectures power platform power apps power automate dataverse power bi azure machine learning azure data factory sharepoint staff training nintex,Cloud Architect
cloud computing oracle solutions python java c++ docker kubernetes openstack ansible powershell terraform azure devops,Cloud Architect
cloud architecture cloud computing automation devops system engineering software engineering data analytics security requirements gathering agile development hadoop nifi,Cloud Architect
cloud engineering agile development database design sdlc sql cloud computing aws gcp azure rdbms oracle sql server,Cloud Architect
cloud strategy development architectural design multicloud expertise infrastructure as code iac security and compliance cost optimization performance optimization team collaboration cloud architect aws certified solutions architect azure solutions architect cloud computing,Cloud Architect
aws cloud architect aws migrate containerize devops troubleshooting,Cloud Architect
cloud architect cloud migration cloud strategy cloud infrastructure cloud computing cloud security cloud automation cloud deployment cloud native cloud data warehouse amazon iam aws budgets,Cloud Architect
cloud architecture communication cloud security networking cloud strategies cloud policies cloud standards cloud technologies cloud infrastructure design cloud architecture implementation oracle cloud aws,Cloud Architect
resource management data storage administration cloud architecture software engineering it systems architecture cloud engineering cloud engagements digital transformations azure aws technical strategies cloud governance planning,Cloud Architect
cloud architecture cloud strategy cloud solutions kubernetes security best practices security controls identity and access management encryption auditing cloud vendor relationships infrastructure as code iac terraform,Cloud Architect
salesforce salesforce sales cloud apex visualforce lightning components agile user experience data modeling force.com salesforce data model custom objects api,Cloud Architect
cloud architect safe scrum agile web applications relational databases middleware/esb integration enterprise application integration aws services cloud devops terraform,Cloud Architect
cloud architect microsoft dynamics crm dynamics 365 customer service finance and operations field services microsoft dynamics 365 crm solutions interpersonal skills collaborative,Cloud Architect
cloud architect aws system development life cycle information technology it standards communication skills agile principles network architecture security security architecture information principles financial models,Cloud Architect
cloud architecture cloud engineering data architecture data modeling database design enterprise data strategy data governance data stewardship data standards metadata management customer service crossfunctional teams,Cloud Architect
aws services cloud environment agile approaches scrum kanban project management system architecture system design requirements analysis software development troubleshooting test definitions implementation strategies business analysis,Cloud Architect
cloud architecture cloud engineering cloud deployment devops web services apis tooling automation infrastructure provisioning infrastructure configuration multicloud environment azure,Cloud Architect
technical architecture technical solutions design implementation planning technical ownership dynamics 365 implementation technical requirements gathering technical risk management issue resolution scrum methodology technical guidance development lifecycle management team coordination,Cloud Architect
microsoft dynamics crm dynamics 365 customer service finance and operations field services cloud architect technical solutions architect solution design technical implementation plans scrum master technical leads software development,Cloud Architect
cloud architect analytics zone system architecture technical design integration analytics tools cloud infrastructure highperformance computing hpc sophisticated analytical platforms robust scalable complex data workloads,Cloud Architect
cloud architecture aws administration configuration networking firewalls security groups security and compliance application layer amazon web services aws containers git file/package repository familiarity postgres databases,Cloud Architect
software architecture cloud native digital signal processing aws azure google cloud c c++ rust scripting automation software development lifecycle,Cloud Architect
aws cloud aws azure gcp ibm cloud architect iaas saas paas cloud security native amazon models devops,Cloud Architect
cloud architecture enterprise architecture design patterns technical efficiency automation master data technical roadmaps application portfolio management technology governance system diagrams reference architecture modern architectural approaches,Cloud Architect
software engineering cloud native systems digital signal processing software architecture requirements analysis architectural design functional design software development lifecycle agile development crossfunctional teams systems engineering hardware engineering,Cloud Architect
microsoft azure cloud architecture cloud security continous delivery infrastructure as code arm templates bicep blueprints ci/cd agile infrastructureascode azure paas,Cloud Architect
aws cloud architect serverless web application api development serverless batch processing rds aurora/postgresql nosql mongodb or dynamodb aws certification aws well architected framework infrastructure cost optimization tco calculation cloud infrastructure deployment,Cloud Architect
cloud based solutions aws azure agile software development networking cloud services managed services six sigma data science public speaking difficult negotiations team leadership,Cloud Architect
solution architecture software architecture client solutions cloud architecture gcp aws architectural modeling software design patterns microservices networks protocols tcp/ip,Cloud Architect
gcp infrastructure architecture networking operating systems virtualization rdbms nosql security automation application integration caches,Cloud Architect
cloud architect open architectures infrastructure devsecops big data analytics ai microservices rdms nosql graph databases multifactor authentication mfa platforms,Cloud Architect
cloud architecture microsoft power platform azure cloud managed services sharepoint online active directory hybrid architectures sharepoint staff training nintex sharegate sharepoint migration access file share content,Cloud Architect
data engineering data architecture cloud computing google cloud platform spark sql python java nosql tableau power bi looker,Cloud Architect
cloud architect chief engineer cybersecurity cloud computing hadoop nifi spark pyspark dask application migration azure solutions architect google professional cloud architect,Cloud Architect
aws aws certified solutions architect professional aws networking specialty cloud architect cloudformation ansible terraform aws networking services vpcs subnets route tables security groups,Cloud Architect
azure infrastructure solution architect cloud iaas paas devops containers hybrid cloud big data communication interpersonal skills,Cloud Architect
cloud architect aws cloud solutions architect comptia sec+ cissp secret clearance ts/sci clearance cloud architecture cloud infrastructure cloud solutions devops jenkins docker,Cloud Architect
aws iam vpc route53 cdn ec2 az saas paas aws certifications docker kubernetes,Cloud Architect
cloud architecture technical leadership strategic planning technology solutions enterprise architecture hybrid cloud multicloud microservices container orchestration security virtualization configuration management,Cloud Architect
aws azure google cloud platform gcp java python c# dns tcp/ip http cdn vpn route 53,Cloud Architect
cloud migration technical specifications development teams microservices message broker event architecture continuous integration continuous deployment azure pipelines system design test procedures quality standards,Cloud Architect
cloud architecture cloud deployment cloud security devsecops big data analytics artificial intelligence microservices kubernetes openshift rdms nosql,Cloud Architect
aws azure gcp docker jenkins python bash powershell gitlab groovy kubernetes anthos,Cloud Architect
sdlc agile python scala spark aws snowflake business intelligence data analytics healthcare it hadoop data architecture,Cloud Architect
cloud architecture infrastructure networking security gcp google cloud platform gke cloud run anthos vpc load balancers compute engine,Cloud Architect
cloud computing infrastructure as code infrastructure as a service risk management framework software development security best practices aws microsoft azure vulnerability scanning prototyping rapid development agile development,Cloud Architect
oauth mutual ssl bian api style guides xml json xslt rest soap twelvefactor app azure aws,Cloud Architect
aws cloudformation terraform ansible compute storage networking databases security iam virtualization containerization,Cloud Architect
azure cloud architect azure cloud engineer azure eks rds azure containerization terraform ansible jenkins helm charts clustering cicd tools data pipelines ai/ml platform,Cloud Architect
cloud architecture aws azure oci gcp fedramp fedramp+ aws cloud solutions architect commercial and private cloud architecture devops jenkins docker,Cloud Architect
cloud architecture kubernetes helm c# go java test driven development container orchestration cloud computing aws azure gcp,Cloud Architect
cloud architect ts/sci clearance amazon web services aws cloud analytics machine learning secure systems resilient systems elastic systems aws c2s/c2e linux/unix scala python,Cloud Architect
microsoft azure infrastructure as code endtoend solution shaping sales devops paas containers hybrid cloud big data business leadership problemsolving analytical,Cloud Architect
aws devops cloud architecture ci/cd automation infrastructure troubleshooting data analysis communication teamwork monitoring dashboards,Cloud Architect
cyber security cloud architect azure aws gcp cloud application consumer identity platforms mobile applications open application model api testing test automation cloud infrastructure cloud applications,Cloud Architect
cloud architecture cloud strategy cloud adoption cloud application design cloud implementation cloud documentation cloud transition cloud management cloud monitoring solutions architecture cloud technology platforms cloud tools,Cloud Architect
cloud computing cloud migration cloud strategy cloud services cloud environments data centers governance compliance it asset management vendor management license management integration projects,Cloud Architect
adobe illustrator adobe creative cloud indesign adobe photoshop apparel design fashion design digital graphic design print design illustration cas skills sketching product design,UI/UX Designer
product design software engineering industrial design humancomputer interaction digital product design researchbased inquiry and iteration user experience design custom hardware web experiences smartphone apps stakeholder communication data analysis,UI/UX Designer
digital storytelling ux and ui research automotive strategy 3d modeling texturing user experience data analysis information architecture data modeling requirements gathering technical development data quality,UI/UX Designer
ux design usercentric thinking product design research data analysis figma ios systems enterprise applications storyboarding prototyping product design trends communication,UI/UX Designer
user experience design web and mobile platforms figma sketch adobe creative suite accessibility standards communication presentation storytelling interpersonal skills analytical skills bachelor s degree,UI/UX Designer
product design humancomputer interaction design interaction design design principles customercentric design design systems ui design figma storytelling prototyping communication negotiation,UI/UX Designer
agile adobe design tools sketch framer invision hci ux design graphic design wireframes prototyping datadriven design typography,UI/UX Designer
ux design ui design figma adobe suite ecommerce responsive design agile methodologies scrum design workshops written communication verbal communication presentation skills,UI/UX Designer
ux/ui design responsive design agile methodologies usercentered design prototyping figma adobe suite ux research information architecture interaction design visual design user testing,UI/UX Designer
figma digital design systems atomicbased design agile jira content management systems usercentered design visual design data analytics user experience ux ui components figma library,UI/UX Designer
product design user centered products data science data storytelling dataheavy applications collaboration design strategy design processes crossfunctional collaboration mentorship engineering partnership quality standards,UI/UX Designer
ux/ui design agile methodologies prototyping user testing user research business analysis stakeholder management communication presentation skills figma adobe suite ecommerce,UI/UX Designer
ux design product design ui design wireframe agile scrum adobe xd sketch axure html css javascript,UI/UX Designer
ui/ux design user research user feedback analysis usability testing visual design design consistency crossfunctional collaboration design reviews figma design systems accessibility usability,UI/UX Designer
ux design visual thinking user research user experience ui design wireframes mockups user stories prototypes usability testing design thinking human centered design,UI/UX Designer
product design ui/ux design research collaboration problem solving visual design style guide design system data analysis customer feedback b2b saas finance,UI/UX Designer
user experience design user interface design wireframing prototyping usability testing interaction design visual design information architecture user research design thinking humancentered design product management,UI/UX Designer
ui design figma mobile apps ios android agile ui development portfolio communication,UI/UX Designer
creative problemsolving analytical and datadriven approach ui design aem adobe experience manager agile methodology business strategies crossfunctional perspective branding guidelines html5 javascript css adobe creative cloud,UI/UX Designer
ux/ui design product design mobile app design social media design gaming design fintech design user experience design user interface design ux design ui design visual design product management,UI/UX Designer
digital product design user interface design user experience design navigation design aesthetic design mobile app design web design invenue environment design business requirement gathering user requirement gathering user research usability testing,UI/UX Designer
product design prototyping ui/ux research crossfunctional collaboration design thinking communication ui/ux specs empathy visual design product strategy ability to adapt agile development,UI/UX Designer
ux design ia experience design system experience team player communication visualize ideas initiate and respond to ideas identify user needs substantiate design approach ensure digital customer touch points develop intuitive interactions drive the design of next generation,UI/UX Designer
ui/ux design digital product design humancentered design user research usability testing prototyping visual design collaborative skills project management communication skills ethical standards selfdirected work,UI/UX Designer
ui/ux design information architecture experience design visual/interface design interaction design wireframes prototyping design delivery usercentered design agile web design research,UI/UX Designer
ux design figma javascript react.js user research usability findings wireframes visual mockups prototypes filmmaking motion design software design,UI/UX Designer
digital product design user experience design prototyping design systems design patterns accessibility user research metrics collaboration crossfunctional teams missiondriven motivation product management,UI/UX Designer
ux design 7+ years of experience crossteam coordination excellent communication skills usability evaluation client relations project planning and implementation agile development prototyping wireframing user story development user research,UI/UX Designer
ux design information architecture wireframing ui design user interviews stakeholder interviews comparative audits heatmapping usability testing user analysis software strategy ui mockups,UI/UX Designer
angular adobexd adobeccsuite azuredevops ui ux html5 css3 visualstudiocode git agile scrum,UI/UX Designer
ux/product design mobile application design usercentered design problemsolving crossplatform mobile design mobile interaction design visual design typography business impact marketing html css,UI/UX Designer
interaction design product design service design product design humancomputer interaction design design principles design methods customercentric design mindset web design mobile design native mobile development mobile web development,UI/UX Designer
product design user experience design user research prototyping datadriven design figma wireframing diagramming user testing mixed methods research usability evaluation crossfunctional teams,UI/UX Designer
ui/ux design interaction designer web design mobile design figma storyboarding prototyping information architecture visual hierarchy user testing user research user experience design,UI/UX Designer
interaction design interface design ux research user interviews contextual inquiry card sorting usability testing business process derivation user needs analysis requirements definition browserbased interface design usability testing,UI/UX Designer
user experience design wireframing prototyping user interface design interaction design user research usability testing design iteration design guidelines style guides ui patterns design trends,UI/UX Designer
ux design user research usability testing surveys a/b testing card sorting analytics tools communication skills problem solving design angular springboot,UI/UX Designer
ui/ux design product design interaction design design systems prototyping tools figma ios android web design mobile design visual design interaction design,UI/UX Designer
ux design graphic design usercentred design agile scrum usability testing accessibility compliance testing google ventures five 5 day design sprint business model canvas 5 whys user personas stakeholder mapping,UI/UX Designer
disaster management policy research advocacy transparency public participation oversight communitybased organizing disaster preparedness disaster relief best practices lessons learned natural disasters,UI/UX Designer
creative leadership ux research wireframing prototyping service design usercentered design interaction design information architecture adobe creative cloud suite prototyping software bachelor s degree in design master s degree in design,UI/UX Designer
ux design discovery and analysis user research information architecture interaction design wireframing prototyping sketch invision healthcare experience user interface design usability studies,UI/UX Designer
product design user experience figma design thinking humancentered design datadriven design design system communication presentation leadership mentoring financial services,UI/UX Designer
react design systems web standards mobile standards after effects lottie prototyping tools html svgs stakeholder management communication collaboration,UI/UX Designer
product design fiattocrypto crypto payouts web3 user interface visual design consumer product design crypto blockchain web3 systems thinking user research,UI/UX Designer
ui/ux design enterprise saas applications user interfaces user experience collaboration user research usability testing data analysis wireframing prototyping visual design design guidelines,UI/UX Designer
ui/ux design html5 css3 javascript javascript frameworks responsive web design site architecture user interface design adobe xd figma sketch agile methodology,UI/UX Designer
product design user experience design prototyping user testing research gathering requirements user interviews wireframing visual design usability testing design principles b2b product experience,UI/UX Designer
ux design graphic design ux research user research process improvement documentation design communication design humancentered design public speaking report writing data presentation user experience studies,UI/UX Designer
ui/ux design sketch adobe xd figma usercentered design wireframes prototypes user flows web development technologies html css javascript,UI/UX Designer
ux design wireframing prototyping user interface design collaboration design trends typography color theory accessibility design user research adobe suite crossdepartment communication,UI/UX Designer
sr. product designer pwrview application ui/ux designer product designer agile teams figma sketch adobe xd responsive design user research copywriting wireframing,UI/UX Designer
ux design humancomputer interaction hci adobe xd figma zeplin hype axure html css storyboarding website mapping responsive web design,UI/UX Designer
ui/ux design agile development user research information architecture prototyping visual communication crossbrowser design mobile design html5 css javascript react.js,UI/UX Designer
ui/ux design wireframe design mockup design user interface design html css javascript angular graphic design requirements gathering user interface guidelines user interface testing,UI/UX Designer
user experience design humancomputer interaction digital product design qualitative user research generative research usability testing figma jira humancentered design map data data visualization,UI/UX Designer
ui/ux design medicinal foods crowddoing machine learning artificial intelligence virtual assistants blockchain microleadership service learning project management human resource business partners wireframes,UI/UX Designer
product design user experience design standards usercentered design visual design wireframing prototyping crossfunctional collaboration product management engineering user research user behavior analysis,UI/UX Designer
ux design user research wireframing prototyping visual design ui design user testing user profiles task analysis user scenarios balsamiq omnigraffle,UI/UX Designer
lead technical ui designer unreal engine umg blueprints c++ ui design 3d studio maya scripting c++ game industry experience verbal and written communication,UI/UX Designer
product design ux design wireframing prototyping adobe creative suite usercentered design usability accessibility communication collaboration crossfunctional teams healthcare,UI/UX Designer
design ux design product design humancomputer interaction enterprise products saas platform marketplace b2b environment asset management figma adobe xd sketch,UI/UX Designer
machine learning artificial intelligence virtual assistants blockchain project management human resources ui/ux design wireframes mockups workflows design guidelines user research,UI/UX Designer
ux/ui design figma agile/scrum usercentric product design web/mobile products b2b/b2b2c crossplatform design payments/financial products product/ux/ui/industrial design design systems human psychology cognitive science,UI/UX Designer
low earth orbit ux design user interface design humancomputer interaction wireframing prototyping user research usability testing customer journey mapping design systems design frameworks html,UI/UX Designer
product design ux design user research usability testing wireframing prototyping highfidelity design design systems design libraries space products industrial products defense products,UI/UX Designer
usercentered design wireframing prototyping visual design interaction design collaboration transparency iterative product design ui/ux design b2b saas b2c saas,UI/UX Designer
leadership potential design research analytical skills content specialization project scoping and leading collaboration skills multidisciplinary team leadership figma sketch prototyping tools english fluency global travel willingness,UI/UX Designer
ux/ui design figma agile/scrum b2b/b2b2c crossplatform design ios android web payments/financial products product/ux/ui/industrial design human psychology technology psychology problemsolving usercentric approach,UI/UX Designer
ux design product design humancentered design visualization interaction design prototyping user research usability testing design strategy design innovation design solutions user experience,UI/UX Designer
collaboration design technology product business human centered design discovery research ideation whiteboard sessions user testing designled workshops,UI/UX Designer
ui/ux design software development figma design prototype tools agile design life insurance critical illness cover pension scheme private health care health assessment annual bonus employee assistance programme,UI/UX Designer
ux design product design figma sketch html css javascript frameworks analytical interfaces it/cloud security user experience visual design design systems,UI/UX Designer
ux design usercentered design design thinking design systems accessibility standards responsive design figma sketch invision photoshop native mobile app design agile development,UI/UX Designer
ux design product design user research prototyping user testing wireframing mocking usercentered design adobe creative suite invision html css,UI/UX Designer
service design humancomputer interaction graphic design interaction design information architecture adobe creative cloud suite prototyping software wireframes prototypes fusion teams firm innovation steering committee fisc marketing,UI/UX Designer
ux design interaction design visual design software design ui design saas product management engineering crossplatform design user research prototyping figma,UI/UX Designer
ux design html css figma responsive web design mobile app design interaction design ui design visual design prototyping motion design storytelling,UI/UX Designer
ui/ux design visual design design systems prototyping figma adobe creative suite project management stakeholder management enterprise applications sales lead workforce management,UI/UX Designer
ui design visual design commerce portfolio content strategy content design ux writing user interfaces desktop cloud services mobile figma,UI/UX Designer
ui/ux design figma wireframing prototyping user flows mockups research techniques interviews surveys observations data analysis design principles,UI/UX Designer
hci humancomputer interaction wireframing prototyping highfidelity design design systems responsive design accessibility standards e.g. wcag accessibility audits,UI/UX Designer
ui design web design figma html css javascript design system user research prototyping strategic design creative design usercentered design,UI/UX Designer
digital product design systems design interactions design illustrations motion design visuals design strategy visioning prototyping design systems web mobile craft crossfunctional teams,UI/UX Designer
user interface design salesforce ui development classic ui lightning ui visual design wireframing storyboarding user flows process flows site maps design guidelines best practices,UI/UX Designer
ux designer leadership project/team lead written and oral presentation site maps interaction flow diagrams wireframes sketch figma framer passionate influence,UI/UX Designer
user experience design ux user interface design ui usercentered design agile methodology wireframing prototyping high fidelity interfaces interactive prototypes design systems pattern libraries visual design conversational design,UI/UX Designer
ux design virtual power plant vpp smart home technology energy solutions consumer research discovery ideation experience design prototyping ui design user testing design systems,UI/UX Designer
agile usercentered design usercentered design principles user research methodologies empathy creative problemsolving comfort with uncertainty pairing with team members excellent communication skills curiosity learning lean/iterative mindset fullstack design,UI/UX Designer
product design interaction design hci industrial design graphic design visual communications data analysis research,UI/UX Designer
ux design usability accessibility aesthetics wireframing prototyping user research competitor analysis benchmarking user flows sitemaps interactive prototypes,UI/UX Designer
product design user experience design usability ux research design sprints design systems developer platforms customerfacing products design principles designforward environment collaboration project management,UI/UX Designer
ux design ui design interaction design humancomputer interaction usercentered design prototyping wireframing sitemapping customer journey mapping agile development sketch figma,UI/UX Designer
ux/ui design usercentric app design product design product management design systems figma miro agile,UI/UX Designer
figma sketch adobe xd product design interaction design ux design usercentered design datadriven design wireframing user flows journey mapping highfidelity mockups,UI/UX Designer
interaction design prototyping figma ui/ux design user research javascript react vue svelte user experience product design collaboration,UI/UX Designer
ux design ada compliance accessibility user interface ui design web ui/mobile ui wcag usability usability studies wireframes interaction design visual design communication,UI/UX Designer
ux design medtech humancomputer interaction figma jira confluence agile software tools user research usability testing prototyping analytics visual design,UI/UX Designer
defi nfts daos web 3.0 react html svgs motion design after effects lottie prototyping tools ux research,UI/UX Designer
ux ada compliance ria balsamiq idea8 css html user interface design wcag usability studies accessibility interaction design,UI/UX Designer
product design saas platforms user interface design financial services investment technologies venture capital customerfacing platforms agile development crossfunctional collaboration startup environment earlystage company communication skills,UI/UX Designer
product design cad solidworks prototyping market research quality testing team collaboration creativity innovation technical aptitude organizational skills multitasking proactiveness,UI/UX Designer
ux/ui design user research usability testing wireframing prototyping highfidelity designs user flows information architecture navigation maps ui design brand guidelines crossplatform consistency,UI/UX Designer
ux design user research figma usertesting.com progression app adobe xd sketch invision prototyping responsive design information architecture interaction design,UI/UX Designer
ux design figma sketch invision principle wireframes lofi / hifi prototypes user flows product design ux research crossfunctional collaboration ux researcher,UI/UX Designer
product design interaction design visual design agile ux design wireframing prototyping sketch framer invision adobe design tools portfolio,UI/UX Designer
user experience design ux design ux research figma usercentered design usability accessibility user research usability testing problemsolving communication responsive web design,UI/UX Designer
saas web applications mobile applications balasmiq adobe xd axure rp figma html5 css3 jira confluence agile environment,UI/UX Designer
product design user experience design usercentered design iterative product design personas flows journey mapping content modelling wireframing prototyping user testing high fidelity visuals,UI/UX Designer
ux design ui design saas product design user research ux research verbal communication written communication portfolio healthtech ehr,UI/UX Designer
defi nfts daos web 3.0 react html svg after effects lottie design systems crossfunctional skills stakeholder management,UI/UX Designer
ux design ui design saas product design user research ux research verbal communication written communication portfolio health tech ehr,UI/UX Designer
ux design collaboration documentation prototyping analytics user testing creative direction relationship building proposals copywriting art direction development,UI/UX Designer
user experience design information design human factors cognitive psychology figma visual design ecommerce psychology behavioral science enterprise applications/tools material design platforms customerfocused,UI/UX Designer
ui design ux design art illustration graphic design photoshop illustrator figma unity unreal engine unreal engine 4 unreal engine 5,UI/UX Designer
product design ui design research discovery interaction design design system design processes b2b saas startup scaleup remote work hybrid work,UI/UX Designer
ux design interaction design visual design collaboration with ux researcher experience with macos and ios,UI/UX Designer
product design product development 3d cad design software solidworks fusion 360 autodesk autocad inventor revit catia matrixoriented 3d visualization software,UI/UX Designer
figma adobe cc portfolio interaction design information architecture user interfaces motion design playbooks selfhelp material prototyping tools visual design design systems,UI/UX Designer
industrial design toy design fashion design injection molding sewing costing photoshop illustrator design programs asia communication product design 3d modelling,UI/UX Designer
industrial security classified materials proprietary materials security regulations manual writing security inspections incident investigation security documentation opsec contract security basic qualifications bachelor s degree,Cybersecurity Analyst
it security requirements analysis implementation compliance security policy strategies resume word format,Cybersecurity Analyst
security analyst cyber security tools operational technology environments next generation firewalls information security framework confidentiality integrity availability information assets unauthorized use disclosure modification,Cybersecurity Analyst
iam forgerock sailpoint java javascript groovy linux/unix agile methodologies ldap active directory single signon federation saml oauth oidc,Cybersecurity Analyst
security analysis firewalls routers switches wireless access points vpns desktop operating systems server operating systems microsoft azure active directory sql windows server,Cybersecurity Analyst
windows operating systems centos/fedora/redhat enterprise linux incident response rmf experience continuous monitoring nispom plan of actions and milestones poa m security plans ssp azure security configurations scripting languages risk assessments nist 80053,Cybersecurity Analyst
secure software development application security ci/cd burpsuite whitesource coverity nmap secure sdlc security tools iso 27001 agile development secure coding,Cybersecurity Analyst
cloud security threat detection vulnerability management security education incident response cyber security information technology network security data security security audits security policies security procedures,Cybersecurity Analyst
security analysis security programs security procedures security regulations security audits security education security clearances industrial security security compliance dod manual 5205.07 national industrial security program operating manual nispom dod special access program sap security manual,Cybersecurity Analyst
border security wmd counter proliferation integrated border security cbrn defense cbrn medical countermeasures cwmd analyst consequence/emergency management customs security cooperation event evaluation capability and capacity development intellectual capability,Cybersecurity Analyst
security clearance security programs security regulations security audits security violations security education security manuals security procedures security records security policies security directives security systems,Cybersecurity Analyst
information security aix unix advanced excel microsoft 365 microsoft access sql business intelligence analytics power bi sap businessobjects tableau,Cybersecurity Analyst
siem mdr ids/ips mdm dlp vulnerability management phishing awareness enduser training security solution management it collaboration patch management provisioning processes,Cybersecurity Analyst
incident response security awareness risk assessment threat assessment privacy impact assessment security consulting security monitoring security metrics compliance reporting security architecture security incident planning security incident execution,Cybersecurity Analyst
security operations analyst cybersecurity incident response playbooks edr vulnerability scanner cloud proxy threat intelligence itil it operational management vulnerability management incident management,Cybersecurity Analyst
cyber/ia activities support secret clearance comptia security+ certification iat level ii bachelor s degree in it computer or cyber cots software/hardware microsoft windows microsoft active directory microsoft office remedy websense ids sourcefire acas,Cybersecurity Analyst
it security identity and access management iam information security security audit it audit methodologies risk management compliance control assurance user awareness problemsolving microsoft products iam tools,Cybersecurity Analyst
security frameworks security engineering security solutions vulnerability audits assessments security policies standards baselines guidelines procedures change management methodologies sdlc methodology,Cybersecurity Analyst
security operations security analyst incident response automation security information and event management security orchestration and automation tools digital forensics endpoint detection and response vulnerability management phishing analysis webapplication attack vectors cloud technologies,Cybersecurity Analyst
cyber security us citizen dod secret clearance acas ess comptia security+ isc2 cissp systems administrator endpoint security solution disa ess 201 disa ess 301 disa acas,Cybersecurity Analyst
cyber security vulnerability management vulnerability scanning vulnerability assessment qualys tenable rapid 7 risk assessment remediation communication problem solving security certifications,Cybersecurity Analyst
data security analyst computer science computer engineering information assurance operating systems tcp/ip networking authentication authorization audit encryption firewalls risk management,Cybersecurity Analyst
data security security policies information security security assessment incident response security controls data protection security best practices security awareness bachelor s degree information security principles security risk mitigation,Cybersecurity Analyst
digital guardian dlp incident response network security cybersecurity privacy systems administration critical infrastructure information technology pii data security standards pci data security standards phi data security standards information classification,Cybersecurity Analyst
data security risk assessment vulnerability assessment security architecture information security incident response education and training web application security cloud security compliance security incident management security information and event management siem,Cybersecurity Analyst
nist 800171 cybersecurity maturity model certification cmmc nist 80053 cis 18 nist csf cui controlled unclassified information far dfars itar ofac ssp,Cybersecurity Analyst
data analysis data analytics powerbi excel data models advanced excel macros vlookups charts symmetric/asymmetric data data protection programs data encryption,Cybersecurity Analyst
endpoint security dlp crowdstrike mde edr mobile device policy governance endpoint dlp classification m365 endpoint dlp data detection dlp labeling policies m365 dlp solution false positive analysis,Cybersecurity Analyst
triage security analyst it infrastructure networking security incidents senior security personnel playbook driven solutions incident investigations security engineers webbased resources attention to process communication skills dispatch of security and communication triage events,Cybersecurity Analyst
computer science information systems cybersecurity cissp cisa cism ceh cyber defense cyberattack techniques information security written communication verbal communication,Cybersecurity Analyst
security programs security procedures federal security regulations classified materials proprietary materials documents equipment security education security audits security violations cybersecurity network security,Cybersecurity Analyst
information security leadership service standards information security systems data security vulnerability analysis incident response information security policies security databases active directory antivirus data loss prevention dlp,Cybersecurity Analyst
mdr siem soar fw xsoar xdr edr incident response security best practices cortex xsoar threat detection malware analysis,Cybersecurity Analyst
threat hunting security operations incident response automation and scripting sqlbased databases kusto log analytics azure paas technologies durable functions storage logic apps data correlation,Cybersecurity Analyst
ceh sans cissp incident response forensic investigations network analysis threat detection vulnerability information dissemination ediscovery litigation computer network defense cnd intrusion detection system ids,Cybersecurity Analyst
security analyst system audits python powershell sailpoint active directory rolebased access identity support it security scripting,Cybersecurity Analyst
cyber security risk management it security cyber security governance nist pci dss iso27001 mitre security investigations compliance reviews audits itil cissp,Cybersecurity Analyst
threat analysis security operations incident response risk management security event monitoring data collection digital forensics incident response phases network/system architecture protocols enterprise services enterprise architecture design,Cybersecurity Analyst
information security risk management data protection cyber security aws docker kubernetes kafka java scala python .net core,Cybersecurity Analyst
security analyst firewalls routers switches wireless access points vpns desktop operating systems server operating systems microsoft azure active directory sql windows server,Cybersecurity Analyst
security analysis vulnerability management cybersecurity assessment penetration testing incident response threat analysis risk mitigation firewalls routers switches wireless access points vpns,Cybersecurity Analyst
aws cloud security devsecops kubernetes cis benchmarks security certifications azure vms common vulnerability scoring system vulnerability management container security common vulnerabilities and exposures eks,Cybersecurity Analyst
network security analyst network engineering network security auditing juniper cisco arista aws gcp palo alto firewall juniper srx batfish clearpass,Cybersecurity Analyst
security monitoring incident response vulnerability assessment penetration testing security policy compliance firewalls intrusion detection/prevention antivirus software siem security tools technologies,Cybersecurity Analyst
cybersecurity it otspecific threats otfocused security information and event management siem solutions ics scada plcs networking security technologies security information and event management siem bachelor s degree,Cybersecurity Analyst
encase ftk xways magnet ief blacklight solid state drives ssd hard disk drives hdd thumb drives volatile memory compact disks esxi vmware,Cybersecurity Analyst
cyber security iso27001 iso22301 pcidss cyberessentials+ pen testing vulnerability scanning patching backups firewall rules monitoring siem monitoring logs monitoring,Cybersecurity Analyst
security analyst security audits security assessments nist national institute of standards and technology cis policy development security frameworks incident management vendor liaison cybersecurity cyber threats information security,Cybersecurity Analyst
information security siem systems csirt vulnerability assessment incident management risk management iso27001 pcidss cloud platforms scripting computing cybersecurity,Cybersecurity Analyst
security analyst vulnerability scanning tools siem platforms edr programs penetration tests security operations patching frameworks application development financial services maturity strategy communication skills,Cybersecurity Analyst
industrial security security programs security procedures federal security regulations manuals security education security audits security violations document control security inspections top secret clearance background investigation,Cybersecurity Analyst
information security security design security principles security processes windows active directory linux software patching regulation compliance sox pci pii,Cybersecurity Analyst
azure active directory sql windows redhat oracle splunk tripwire rapid7 nexpose vulnerability scanner metasploit qualys vulnerability scanner cloud delinea secret server,Cybersecurity Analyst
usaf comcec processes rmf processes incident response it security sec+ce cissp microsoft operating system security certification comsec training,Cybersecurity Analyst
information security system security security analysis security requirements security certification accreditation planning security testing security liaison secure system operations infrastructure design security risk mitigation privacy certification,Cybersecurity Analyst
ics/scada security monitoring alert triaging incident reporting threat intelligence vulnerability assessment internal penetration testing threat risk assessment security solutions evaluation and selection technical security standards privacy and security laws organizational regulation requirements,Cybersecurity Analyst
information security security analysis security monitoring incident response vulnerability management security best practices security research enduser endpoint security email security vulnerability scanning firewalls proxies,Cybersecurity Analyst
industrial security top secret clearance sap access nispom intelligence community directives special access program masters degree bachelors degree high school diploma microsoft word microsoft excel microsoft outlook,Cybersecurity Analyst
azure security services compliance p2 services login monitoring and auditing siems vulnerability scanning remediation firewalls antivirus intrusion detection systems information technology computer science,Cybersecurity Analyst
palo alto firewalls pan os security posture algosec cloud security plm product life cycle network integration next gen security controls network + security + palo alto certifications ccsp,Cybersecurity Analyst
system security analyst security systems antivirus applications content filtering firewalls authentication systems intrusion detection and notification systems security frameworks security management tools bash powershell python,Cybersecurity Analyst
information security risk management security policies standards procedures personnel screening security reviews security awareness team lead experience technical team experience government of canada level ii secret clearance cissp,Cybersecurity Analyst
information security cybersecurity forensic analysis digital media analysis vulnerability assessment federal security framework system forensics vulnerability management cybersecurity changes security architecture production test environments technical expertise,Cybersecurity Analyst
security analyst incident response vulnerability management remediation policy and procedure updates customer service professional skepticism organization detailorientation gap assessments audits project delivery,Cybersecurity Analyst
cyber security incident response threat hunting threat detection threat prevention malware analysis exploit analysis intrusion monitoring data analysis threat research risk mitigation forensic investigation,Cybersecurity Analyst
it security palo alto cisco meraki gcp azure tcp/ip cybersecurity frameworks windows platforms firewalls intrusion detection intrusion prevention siem,Cybersecurity Analyst
information security network monitoring vulnerability assessment system security cloud security desktop computing common software applications technical support vulnerability management tools academic technology equipment written communication,Cybersecurity Analyst
cyber security incident response threat hunting intelligence computer science computer engineering mis security monitoring tools vulnerability scans assessment reports systems administration linux,Cybersecurity Analyst
cyber security analyst cybersecurity strategies digital infrastructure security standards performance metrics cyber architecture vendor performances analysis reports audit findings network performance network security emerging cyber threats,Cybersecurity Analyst
iam nessus splunk scap poa ms nist diacap nispom rmf cybersecurity dod secret security clearance,Cybersecurity Analyst
computer science computer engineering mis cyber security incident response vulnerability scanning linux unix windows osx networking network protocols,Cybersecurity Analyst
jira dataminr servicenow sims lenel sie formerly traction guest osint asis pci national industrial security program nisp threat investigation insider risk counterintelligence,Cybersecurity Analyst
cyber security incident response threat hunting security monitoring tools vulnerability scanning assessment reports systems administrator linux unix windows osx networking,Cybersecurity Analyst
application whitelisting intrusion detection systems splunk/siem endpoint detection and response information strategy management system processes information framework confidentiality integrity availability risk assessment third party relationships,Cybersecurity Analyst
information security cyber security security operations incident response vulnerability management compliance security awareness security architecture risk management penetration testing threat intelligence cloud security,Cybersecurity Analyst
computer science engineering information systems security threats firewalls proxies network intrusion prevention hostbased intrusion prevention data loss prevention vulnerability assessment security information and event management endpoint security,Cybersecurity Analyst
aws ec2 ecs eks s3 ids cloudwatch aws shield guardduty crowdstrike siem splunk,Cybersecurity Analyst
amazon web services aws ec2 ecs eks s3 aws shield guardduty cloudwatch splunk siem crowdstrike edr cloud security fundamentals aws technical essentials,Cybersecurity Analyst
cyber security soc analyst security operations center security system design physical control solutions risk management security weakness detection configuration and validation data analysis problemsolving communication siem solutions,Cybersecurity Analyst
defensive cyber readiness analyst secret clearance readiness reporting usg principles resource management budgeting acquisitions guard and reserve force posturing mobilization total force integration cyber protection teams organization structures,Cybersecurity Analyst
iso 27001 2022 security risk and control frameworks pci dss itil information security policies and procedures security technologies security controls security incidents service improvements it security risks data protection act 2018 gdpr,Cybersecurity Analyst
information security data analysis risk management visualization compliance penetration testing vulnerability assessment siem incident response security policy project management security configuration,Cybersecurity Analyst
security frameworks nist iso cis soc security monitoring tools vulnerability scanning assessment reports linux unix windows osx networking concepts powershell python bash,Cybersecurity Analyst
information systems security security analyst incident response security monitoring security tools security systems siem log analysis threat detection security operations data analysis network anomalies,Cybersecurity Analyst
it security audit nist pci cjis cms iso sox hipaa hitech security assessments security reviews,Cybersecurity Analyst
it security standards organizational policies legal and regulatory compliance standards gdpr hipaa hitrust isms security frameworks nist cybersecurity framework information security concepts security technology it grc platforms,Cybersecurity Analyst
nist security analyst 79 years of experience graduate degree,Cybersecurity Analyst
information security cybersecurity comptia security+ isc2 certification python powershell ips/ids dlp iam siem edr threat landscape,Cybersecurity Analyst
information systems security cybersecurity risk management framework department of defense dod intelligence community dod 8570 iam level iii security certification nessus splunk scap poa ms nist diacap,Cybersecurity Analyst
industrial security analysis multidisciplined security programs federal security regulations dod 5205.07 sap manuals icd 705 icd 704 nispom procedures top secret clearance sap eligibility cdse industrial security training industrial security certifications opsec program experience,Cybersecurity Analyst
soc systems siem vulnerability assessment information security network security security event analysis incident handling security incident response vulnerability management malware analysis threat hunting forensics,Cybersecurity Analyst
threat and vulnerability management risk prioritization vulnerability scanning threat intelligence tools matrixed environment incident response siem network security analysis indicators of compromise intrusion detection systems hostbased intrusions networkbased intrusions,Cybersecurity Analyst
cybersecurity threat detection incident response vulnerability assessment information security principles frameworks best practices regulatory standards industry guidelines organisational policies isns lxns,Cybersecurity Analyst
security programs security procedures federal security regulations compliance with regulations manuals handling storing keeping records personnel access security education classes security audits investigations,Cybersecurity Analyst
data protection data privacy pki or cryptography power bi excel business system analysis data protection projects security analyst,Cybersecurity Analyst
cybersecurity information systems security dod 8570 iam level iii security certification dod top secret security clearance bachelor s degree in cyber security acas nessus splunk scap nist diacap nispom,Cybersecurity Analyst
cybersecurity classified computing risk management system assessments vulnerability assessments enclave policy compliance audits configuration management security certification security documentation security testing security reporting,Cybersecurity Analyst
industrial security security programs security procedures classified documents proprietary materials security regulations government agencies security audits background investigations special access program sap written communication oral communication,Cybersecurity Analyst
industrial security secret clearance sap access communication skills time management customer service dod sap manuals 32 cfr nispom icd705 construction requirements isp certification sapmid level security management course cpso or csso experience,Cybersecurity Analyst
cybersecurity network security system security application security vulnerability management penetration testing threat intelligence security monitoring incident response security analytics security architecture security engineering,Cybersecurity Analyst
cybersecurity threat detection incident response vulnerability assessment information security principles frameworks best practices regulatory standards industry guidelines organizational policies isns lxns,Cybersecurity Analyst
incident response stakeholder management siem edr vulnerability management risk assessment threat hunting automation linux windows iso27001 certification,Cybersecurity Analyst
cybersecurity information systems security networking enclave policy program control processes risk mitigation government policy process tailoring security test and evaluation certification and accreditation security plans plan of actions and milestones,Cybersecurity Analyst
security analyst siem vulnerability management endpoint detection and response antivirus software idp/ips computer security incident response team csirt secure messaging second factor authentication technical specifications standards procedures,Cybersecurity Analyst
cyber security information assurance microsoft 365 azure information systems reviews auditing continuous monitoring incident response standards compliance daapm nispom nist,Cybersecurity Analyst
information security management systems isms threat intelligence firewall proxy server remote access security tools technologies risk management data privacy data protection policies standards,Cybersecurity Analyst
security analyst cyber security operational technology next generation firewalls information security information assets confidentiality integrity availability unauthorized use disclosure modification,Cybersecurity Analyst
security analyst security operations network security cybersecurity networking firewalls ids ips utm waf gateways proxies,Cybersecurity Analyst
splunk azure crowdstrike information security analysis risk identification data security procedures bank security policies government regulations security plans control techniques security standards security guidelines,Cybersecurity Analyst
embedded system security engineering system security engineering threat/risk assessment system security requirements decomposition system security architecture countermeasures cyberattacks hardware firmware software systems engineering,Cybersecurity Analyst
information security compliance healthcare security standards hipaa fisma iso cloud environments aws azure firewalls proxies siem,Cybersecurity Analyst
security clearance secret with eligibility to upgrade to ts/sci multitasking nispom diss/nbis/swft/niss customer/team oriented problem solving communication skills ms suite sims lenel nist rmf sims/dias,Cybersecurity Analyst
information systems security cybersecurity iam level ii certification systems and networks assessments risk management framework vulnerability scanning certification and accreditation acas nessus splunk scap poa ms,Cybersecurity Analyst
senior systems security analyst vulnerability testing risk analyses security audits security breaches disaster recovery plans security strategies security controls security measures system security measures security deficiencies information systems,Cybersecurity Analyst
computer network defense data privacy and protection encryption identity management information assurance information systems/network security information technology assessment infrastructure design legal government and jurisprudence operating systems risk management software development,Cybersecurity Analyst
rmf information systems cybersecurity information security authorization accreditation iamiii iatiii archer emass xacta nispom,Cybersecurity Analyst
risk management framework rmf nist800.53rev4 cnss1253 national security memorandum 8 nsm8 zero trust architecture/networking zta/n nessus rapid7 splunk xacta microsoft office suite network monitoring vulnerability detection,Cybersecurity Analyst
security analysis information security foreign disclosure security administration policy development security clearance communication skills interpersonal skills office environment standard office equipment physical requirements equal opportunity employer,Cybersecurity Analyst
risk management framework rmf nist800.53rev4 cnss1253 national security memorandum 8 nsm8 zero trust architecture/networking zta/n cert and accreditation c a technical writing instructional systems design nessus rapid7 splunk xacta,Cybersecurity Analyst
cybersecurity information systems security risk management compliance audits vulnerability assessments certification and accreditation security test and evaluation security planning corrective actions master s degree bachelor s degree associate s degree,Cybersecurity Analyst
product management product vision product roadmaps workflow management humanintheloop hitl machine learning artificial intelligence tableau qlikview quicksight bachelor s degree analytical tools,Product Manager
product management bachelor s degree data analysis business acumen product strategies technical skills user research market research product roadmap epics and user stories product requirements agile development,Product Manager
senior product manager mechanical engineering chemical engineering materials engineering electrical engineering technical project management semiconductor packaging design materials substrates manufacturing methods flip chip package form factors microsoft office excel powerpoint outlook,Product Manager
product management market research analysis business planning requirements gathering customer service product marketing training risk management financial analysis strategic planning roadmapping,Product Manager
composite structures wind turbine blades blade technology performance analysis reliability issues business expansion sales support consultancy projects engineering management blade failure analysis project coordination subject matter expertise,Product Manager
product development data analysis market research usability studies ideation software development growth maintenance cross functional communication a/b testing statistical techniques,Product Manager
marketing product management companion diagnostics global product launch digital marketing inbound marketing campaign management market research competitor analysis market insights molecular biology biochemistry,Product Manager
product management technical leadership crossfunctional team management requirements gathering prioritization roadmapping data analysis stakeholder management executive communication system analysis optimization system dynamics,Product Manager
business acumen commercial acumen communication data analysis data cleansing and transformation data domain knowledge data integration data management data manipulation data sourcing data strategy and governance data structures and algorithms,Product Manager
product management engineering business management leadership strategy innovation product development market research voice of customer p l management bi market pricing strategy,Product Manager
product management labor planning capacity projections new product development user experience error reduction sql vba costbenefit analysis business case development crossfunctional team leadership data analysis,Product Manager
product lifecycle management product development market research market analysis gotomarket strategy sales strategy product strategy product positioning requirements gathering roadmapping competitive analysis project management,Product Manager
product portfolio management digital product development digital transformation asset digitalization industrial grade iot cyber security solutions digital technology customer centric mindset international experience business english mandatory german data science,Product Manager
data orchestration data reliability data platforms apache airflow public cloud technologies aws devops infrastructure as a code data observability system analysis agile frameworks agile ceremonies,Product Manager
product management agile software development product life cycle management crossfunctional collaboration market analysis competitive analysis strategy development roadmap execution decisionmaking ideation product launch product maintenance,Product Manager
product management data science design engineering leadership communication data analysis market research usability studies agile methodology crossfunctional collaboration a/b testing,Product Manager
product management financial reporting managerial analysis data science stakeholder mapping opportunity canvas release planning user science tools cost profiling return on investment empathy communication,Product Manager
product management project management consulting business analysis quantitative analysis qualitative analysis data science business intelligence engineering agile methodologies powerpoint excel,Product Manager
product management agile development product roadmapping financial services user experience research product design third party banking technology partners software products highvalue projects stakeholder management competing priorities,Product Manager
product management strategic planning product development competitive analysis market segmentation pricing strategy forecasting market research new product development packaging and technical document development training and capacitybuilding presentation skills,Product Manager
product management sales skills pricing inventory management sales strategies marketing customer relationships communication skills computer software proficiency construction metals sales college degree office environment,Product Manager
product management market research pricing strategy product marketing rfp writing bid management risk management disaster recovery business continuity leadership decision making independent judgment,Product Manager
product management product discovery product delivery user research innovation business strategy business requirements technology roadmap collaboration datadriven culture technical writing complex systems,Product Manager
culinary food management catering sales analytical skills organizational skills interpersonal skills project management leadership problemsolving business degree pickling,Product Manager
python sql product management product roadmap technical dependency management feature prototyping stakeholder communication analytical skills communication skills crossfunctional project management computer science concepts entrepreneurial bent,Product Manager
product management sku database shopify photoshop illustrator salesforce adobe creative suite excel textile manufacturing construction fabrication print techniques,Product Manager
product management product lifecycle product launch r d pricing packaging marketing market research customer feedback data analysis innovation collaboration,Product Manager
product management product development agile/scrum methodologies merchandising data analytics project management bachelors in business administration computer science masters in business administration user stories acceptance criteria usability testing a/b testing,Product Manager
project management leadership npi management manufacturing strategy market analysis growth strategy product lifecycle management new segment penetration bachelor s degree supply chain management materials management inventory management,Product Manager
market analysis product lifecycle management product launches customer needs analysis competitive analysis market research sales analysis profitability analysis product training product support crossfunctional team leadership product planning,Product Manager
product management prisma access globalprotect ngfw endpoint security network security performance security cloud security secure remote access endpoint management mobile apps identity access management,Product Manager
product management pricing optimization microeconomics operations research machine learning algorithms data analysis experimentation product strategy business development crossfunctional collaboration,Product Manager
functional requirements design specifications workforce management products time labor absence management scheduling ux design engineering customer relationships product roadmap internal teams external teams,Product Manager
product management marketing new product development sales consumer products gardening sku rationalization price list development portfolio planning consumer research product quality improvement competitive product analysis,Product Manager
product management discovery shopping experiences ecommerce ux design advertising technology platforms leadership experience data analysis strategic planning roadmap creation collaboration digital advertising,Product Manager
architectural qualifications design principles construction techniques sales and technical teams design guidance home design good design practical commercially astute quality homes positive flexible,Product Manager
product strategy product vision product management product development life cycle design data analytics discovery ideation strategic development requirements definition value management cost,Product Manager
product management data analytics crossfunctional collaboration leadership communication skills problem solving sql r python matlab cloud connectivity security,Product Manager
product management roadmap development digital and instore experiences cobranded credit card credit management lending banking ecommerce data interpretation business recommendations roadmapping highgrowth consumer product,Product Manager
product management product roadmapping business analysis data analysis crossfunctional collaboration agile development uml diagrams user experience lending banking ecommerce consumer product development,Product Manager
data product management business strategy product roadmap building relationships partnerships data product development life cycle data engineering data architecture data governance product design metrics risk management,Product Manager
erp mes plm quality management warehouse management industry 4.0 infor ln ms project clickup smartsheets monday agile,Product Manager
product management digital strategy road mapping ux design ui design frontend development kpi development performance analysis communication influencing stakeholder management user research,Product Manager
product management intelligent transportation systems its connected cities smart mobility solutions hardware embedded software sensors machine learning deep learning customer needs analysis market trends analysis competitive product analysis,Product Manager
product management strategic vision data modeling document automation document workflow data validation business intelligence data warehousing gotomarket strategy usercentric design stakeholder management relationship building,Product Manager
anaplan data modeling data wrangling javascript finance and business process fp a verbal and written communication change management computer science management information systems cybersecurity diversity,Product Manager
product management game design producing data analysis project management market analysis bi business intelligence datadriven decisionmaking leadership communication scheduling collaboration,Product Manager
product management digital product development customer experience crossfunctional team collaboration data analysis agile development product ownership web development mobile development fintech financial institution product vision,Product Manager
product management agile methodologies stakeholder management product lifecycle management leadership influence budgeting financial management governance operational support technical discussions vendor negotiations,Product Manager
product management strategic planning product vision data sharing linking automation integrations data modeling document automation document workflow data validation consistency,Product Manager
product management product life cycle planning market research competitive analysis strategic planning financial calculations project management marketing activities microsoft office suite budgeting forecasting physical requirements,Product Manager
financial services accounting tax executive communication partnership evaluation market evaluation sizing value proposition testing pricing research agile development product owner product manager,Product Manager
product development ecommerce website design website development quality assurance branding customer experience market trends fashion sports manufacturing project management,Product Manager
ecommerce website development web design product development manufacturing techniques project management trend analysis consumer needs analysis communication negotiation leadership organization,Product Manager
product management strategic planning product development market research financial analysis user research user stories minimum viable product mvp competitive analysis industry innovation technology platforms price positioning,Product Manager
product management p l ownership data analysis performance monitoring competitor analysis product development product planning technical expertise leadership communication skills teamwork organizational skills,Product Manager
product marketing marketing strategy business development strategic marketing lifecycle management product positioning customer targeting market analysis competitive analysis brand management product management communication platforms,Product Manager
quality assurance leadership microsoft office cgmp validation manufacturing product development change control investigations corrective actions effectiveness checks good manufacturing practices,Product Manager
consumer experience social messaging gaming entertainment lifestyle elearning wellness startup experience sense of urgency resultsoriented ability to execute under limited resources,Product Manager
medical distribution product management strategic marketing data analysis business case financial modeling product roadmap stakeholder management product development product commercialization market research customer needs,Product Manager
product management user interaction vision formulation prioritization idea creation agile development user story development product evaluation product ownership scrum sprints,Product Manager
product line strategy market research market segmentation value proposition product development pricing strategies lead generation marketing communication sales experience customerfacing interaction project leadership industry knowledge,Product Manager
ai/ml generative ai zerotrust security quantum computing agile methodology research product management software development applied research crossfunctional teams communication interpersonal skills,Product Manager
network services load balancing traffic management application delivery controller technologies product management vision and roadmap definition feature and epic prioritization stakeholder alignment financial support and collaboration product expertise industry knowledge product financials,Product Manager
product management strategic thinking analytical rigour product execution multifunctional teamwork ideation adoption collaboration vision articulation product strategy prioritisation quantitative analysis,Product Manager
product management research technology initiatives proofofconcepts agile fastfail mentality generative ai zerotrust security quantum computing crossfunctional teams stakeholder engagement requirements definition,Product Manager
product management security and compliance product strategy product roadmap datainformed product roadmap product lifecycle ideation conceptualization execution launch crossfunctional collaboration engineering,Product Manager
product management market analysis customer segmentation product positioning product requirements crossfunctional collaboration bioinformatics tools customer support programs consumable manufacturing inventory control supply chain management sales collateral,Product Manager
product management market research product strategy financial analysis business case development product development requirements documentation product lifecycle management market segmentation analytical skills critical thinking organizational skills,Product Manager
eam product management product development infrastructure engineering eam / itsm best practices configuration management asset management full lifecycle processes automation industrystandard asset management solutions servicenow common services data model it service management,Product Manager
technical product manager saas b2b b2bb2c software engineering product management mysql jira trello confluence pos terminals pos systems,Product Manager
project management negotiation communication organization time management problemsolving relationship building ms office ms project database usage ansi standards asme standards,Product Manager
product management quality control inventory management business case development equipment utilization reporting led display systems led tiles posters support systems processing cabling power configurations,Product Manager
product management quality control purchasing equipment repair equipment maintenance industry trends data analysis feedback analysis industry standard methodologies vendor relationships equipment acquisition business case development,Product Manager
product management ideation revenue growth user experience business finance computer science b2b/saas products agile methodologies crossfunctional teams organizational skills time management,Product Manager
product management user activation strategy agile development endtoend feature requirements statistical experimentation frameworks technical writing crossfunctional collaboration usercentric approach problem solving datadriven decision making analytics communication,Product Manager
senior technical product manager information systems danafarber cancer institute dfci danafarber/harvard cancer center df/hcc product strategy operations software solution user interviews mockups use cases business value agile product development methodologies software development,Product Manager
project management product management data analysis strategic planning process improvement team leadership executive presentation crossfunctional coordination product marketing business development technology experience datadriven insights,Product Manager
product management agile methodology user research competitive analysis marketing sales training communication crossfunctional collaboration technical troubleshooting generative ai natural language processing,Product Manager
cryptocurrency trading fintech security innovation digital finance market research stakeholder interviews product feature definition acceptance criteria project documentation communication design validation,Product Manager
product management product strategy product vision product execution product development product roadmap product requirements product specifications usercentric design stakeholder management communication leadership,Product Manager
product management strategy roadmapping prioritization customer advocacy data analysis market research product features interaction design ui design a/b testing okrs,Product Manager
product management product strategy product roadmap leadership execution communication collaboration stakeholder management technical abilities software development programming javascript,Product Manager
derms drms load control demand response software demand response systems product management product strategy market segmentation competitive assessment business cases pricing product definition,Product Manager
product development marketing strategy market research business case development project management stakeholder collaboration medical devices regulatory affairs healthcare field experience product management multifunctional team collaboration sales and marketing,Product Manager
product vision team culture product strategy product roadmap user research data analysis user experience engineering agile development scrum lean startup microsoft office,Product Manager
product management product life cycle data analytics requirements definition value management communication facilitation sql agile software development mobile development cloud computing,Product Manager
data analytics data management data science data operations product management data governance data stewardship agile methodology estimation delivery communication leadership,Product Manager
organizational skills analytical skills reporting skills detailoriented writing communication editing skills testing skills product management user stories backlogged features data analysis compliance approval,Product Manager
data analytics saas platform audience measurement segmentation targeting streaming services video adtech / media industry entrepreneurship product manager business analyst requirements,Product Manager
product management business analysis oracle financials requirements gathering documentation business process analysis functional design project management interpersonal communication business communication jira confluence,Product Manager
etd / cotc margin methodologies reference rates compliance regulatory rules fis apps clearvision clearstream fis cd gmi agile gitlab,Product Manager
product management bachelor s degree buying merchandising retail project management communication sourcing cost analysis production consideration presentation skills sales skills,Product Manager
product management business focused technology driven transformational leadership intellectual curiosity communication influence doer passion customer focus learner team player agile development cross functional teams,Product Manager
product management product marketing npi process product lifecycle management technical writing business intelligence product strategy project management data analysis roi erp boms,Product Manager
product management npd new product development innovation packaging product development concept generation commercial viability assessment project management stage gate process implementation recipe creation packaging design unique product propositions,Product Manager
product marketing marketing strategy data analysis sales trend forecasting consumer opinion research survey design competitor analysis marketing effectiveness measurement aaa games lifeservices games product launches comarketing partnerships,Product Manager
aix ivr nlp chatbot omnichannel product management project management ai,Product Manager
cloudnative platform automotive retail industry big data machine learning ml ai internet of things connected vehicle to connected devices product management b2b saas execution leadership stakeholder management curiosity,Product Manager
product management software development insurance agile development usercentered design communication team leadership business domain knowledge prioritization quality assurance product lifecycle management data analysis,Product Manager
product vision and strategy product implications product opportunities corporate strategies change initiatives product roadmap product releases user stories acceptance criteria product objectives product requirements product plans,Product Manager
ai architect product manager sas r python machine learning algorithms deep learning data preprocessing azure aws gcp,Product Manager
product management anti money laundering aml inventory management case management risk mitigating strategies actimize engineering statistics economics finance mathematics strategy development,Product Manager
market analysis competitive analysis medical device industry knowledge canadian health care system knowledge hcps development programs experience stakeholder influencing experience strategic product planning commercial execution leadership skills teamwork communication skills deadline management,Product Manager
healthcare medical device product management project management data analysis market research sales marketing communication teamwork problem solving attention to detail,Product Manager
junior product manager problem solver photoshop frontend development backend development web app sales accounts traffic marketing content creation email marketing,Product Manager
product management strategy vision roadmap cloud infrastructure architecture authentication access control tenant manageability billing entitlement backend system integration,Product Manager
marketing strategy marketing plan campaign development campaign execution product management gotomarket planning new product launch product lifecycle management demand forecasting sales forecasting market research customer insights,Product Manager
product management product engineering product life cycle management new products technological roadmaps internal and external stakeholders collaborative working international travel stage gate process research findings customer needs sales and marketing,Product Manager
workday erp student workday platform aws mulesoft informatica presentation interpersonal communication written communication data analysis strategic business planning decision making,Product Manager
data analysis business strategy pricing monetization product configuration sql customer research ai automation customer adoption business cases data reporting,Product Manager
product management demand planning inventory management forecasting market analysis sales trend analysis product rationalization fillrate maximization inventory turns excess and obsolete inventory management data analysis microsoft office suite,Product Manager
digital marketing technologies software development cloud engineering aws azure microservices apis data integration data validation data migration system architecture fault tolerance,Product Manager
product management product development digital product crossfunctional teams agile development mobile platforms web development product ownership project management collaborative work problemsolving technical knowledge,Product Manager
product management software development data analysis machine learning saas networking security leadership communication collaboration execution prioritization,Product Manager
product management clientserver communication web api database management jamf intune commandline tools user interface design troubleshooting communication problem solving project management,Product Manager
ecommerce frameworks salesenhancing strategies supervision research troubleshooting consulting quality assurance retail and ecommercefocused digital marketing strategies traffic analysis reporting tools and optimization ux web design,Product Manager
product management software development design business strategy networking saas security cloud computing data analytics apis rest pricing,Product Manager
python go sql pandas restful api html javascript product management software development user research data analysis machine learning,Product Manager
product management logs cloudflare customer engagement product strategy crossfunctional leadership datadriven decision making market analysis qualitative and quantitative reasoning software product delivery communication complex process management,Product Manager
data analytics computer science business intelligence operations research computer programming data engineering sql unstructured data semistructured data data governance mathematics statistics,Data Scientist
marketing machine learning engineering game science data science analytics forecasting recommender system generative ai experimentation causal inference econometrics hadoop,Data Scientist
data science data analysis data visualization statistical analysis python r sql machine learning linear regression gbm neural network time series,Data Scientist
data science machine learning data mining information retrieval nlp bespoke solutions data analytics ai analytics model development data products python r,Data Scientist
data science data exploration data cleaning data analysis data visualization data mining statistical programming data analytics python sql r hadoop,Data Scientist
machine learning algorithms generative ai natural language processing python spark sql aws google cloud platform azure deep learning transformers architecture mlops principles,Data Scientist
data science statistical modeling data transformation data visualization experimental design python sql big data tools cloud environments analytical approach problem solving innovative solutions,Data Scientist
data science python r data collection data analysis sql joins query optimizations views indexing nested queries excel pivot tables,Data Scientist
statistics econometrics business analytics data science exploratory data analysis model building causal inference machine learning regression logistic regression clustering optimization,Data Scientist
machine learning ml artificial intelligence ai python data science data gathering data quality system architecture coding best practices lean / agile development methodologies r sql tableau,Data Scientist
data science machine learning exploratory data analysis data modeling r python sql tableau spark git cloudbased development tools design of experiments,Data Scientist
data science predictive modeling statistical analysis endtoend solutions business insights datadriven organization thought partner strategic goals subject matter expertise impacful insights business decisions patient benefits,Data Scientist
data science data analysis statistics mathematics computer science statistical programming machine learning natural language processing data architectures data modeling cloud computing predictive modeling,Data Scientist
senior data scientist data analysis data mining machine learning data visualization natural language processing advanced analytics data science programming data engineering data manipulation data governance statistical analysis,Data Scientist
sql python r statistics data modeling aws azure snowflake powerbi databricks agile ab testing,Data Scientist
data analytics data management data retrieval data analysis tools data visualization tools statistics surveys sales data operational data government operations utilities,Data Scientist
data science machine learning experimentation analytical depth forecasting systems marketplace dynamics complex systems experimental design data visualization metric development stakeholder alignment leadership,Data Scientist
data analysis data mining data modeling algorithm development predictive modeling machine learning statistical programming data visualization data architecture cloud computing aws azure,Data Scientist
machine learning deep learning statistical analysis software development data mining python tensorflow keras hive spark google cloud platform azure,Data Scientist
data extraction data visualization statistical analysis machine learning predictive modeling data science product development data mining sql statistical software packages python r sas business intelligence tools data frameworks,Data Scientist
data science machine learning statistical modeling boosted ai customer behavior analysis data analytics dashboard product road map optimization customer interaction tool product design engineering business unit collaboration use case identification,Data Scientist
ai fundamentals cloud data platform azure pipelines etl principles dimensional modelling etl reporting tools data governance data warehousing structured data unstructured data sap/nosql clusters snowflake,Data Scientist
data science machine learning statistical analysis data mining python r clinical trial data survey data healthcare analytics datadriven insights advanced data science models algorithms,Data Scientist
llm generative ai document extraction chat python knowledge graphs ontologies cloudnative environment aws aws neptune neo4j graph database graphbased ontology,Data Scientist
python data manipulation data analysis machine learning data modeling business analytics mathematics applied mathematics computer programming data parsing artificial intelligence machine learning,Data Scientist
data science java c++ python r data wrangling statistical data analysis modeling communication nontechnical language data science software commercial,Data Scientist
data science python sql time series analysis machine learning data analytics data extraction data interpretation data presentation data visualization statistical modeling,Data Scientist
data mining data collection predictive variables algorithm creation machine learning statistical learning models predictive models collaboration communication statistical methodologies database use data governance,Data Scientist
bioinformatics data analysis data processing statistical analysis python r/bioconductor bash java sql unix highperformance computing molecular biology,Data Scientist
data science hypothesis generation and testing pandas / tidyverse scikitlearn keras eigenvectors etl statistical modeling bayesian inference anova scientific method experimental design,Data Scientist
data science machine learning python data visualization data modeling regression supervised learning unsupervised learning probabilistic inference natural language modeling communication r,Data Scientist
r python sql hql nosql json xml data science machine learning advanced analytics predictive analytics statistical modeling,Data Scientist
data science statistics computer science data modelling sql python r data science libraries data science tools commercial analytics consumer goods industry,Data Scientist
actuarial data scientist pricing and other enterprise models data exploration data wrangling modeling analysis deployment into production it predictive modeling projects predictive modeling techniques logistic regression time series,Data Scientist
data science planning databases r python microsoft office suite data visualization statistical analysis predictive analytics data mining data representation presentation skills,Data Scientist
business intelligence software data mining techniques statistical analysis methodology r python sas sql machine learning models regression modeling probability distribution fitting stochastic simulation multivariate sensitivity analysis,Data Scientist
machine learning nlp statistics optimization ml pipelines ml processes ml design patterns sql r scala python splus,Data Scientist
data science iot machine learning artificial intelligence research electrical engineering digital signal processing government systems cloud architecture python pyspark scala,Data Scientist
data science analytics machine learning software development data analysis data exploitation agile problem solving project management communication nv1 security clearance problem solving critical thinking,Data Scientist
data science consulting data analytics data architecture data engineering data querying data visualization dashboarding predictive analytics machine learning artificial intelligence data wrangling statistical analysis,Data Scientist
data science machine learning statistics nlp boosted trees image recognition data exploration data mining heuristics development business intelligence dashboards visualizations,Data Scientist
data science machine learning statistics data mining nlp image recognition sql python r spark data governance data analytics,Data Scientist
data science machine learning ai statistical analysis business analytics descriptive analytics diagnostic analytics predictive analytics prescriptive analytics data literacy data visualization communication,Data Scientist
machine learning artificial intelligence statistical modeling data mining data visualization python r scala spark hadoop unix sql,Data Scientist
data science statistical modeling hypothesis testing data interpretation data summarization data visualization reporting automation machine learning amazon web services aws git python,Data Scientist
data science healthcare analytics machine learning statistical analysis python r clinical trial data survey data data mining data modeling crossfunctional collaboration data visualization,Data Scientist
machine learning natural language processing nlp sentiment analysis risk assessment risk management frameworks sas spark sql r python languages,Data Scientist
data science data analytics data mining exploratory analysis predictive analysis statistical analysis machine learning deep learning python r sql statistics,Data Scientist
data science data analytics physicsbased simulation sensor technology virtual modelling physical sensors cad software solidworks catia creo/proe fusion360 numpy,Data Scientist
data science statistical analysis data transformation machine learning artificial intelligence r python sas sql hadoop data mining clinical trials,Data Scientist
data ingestion pipeline building data quality assurance collaborative planning agile methodology documentation reporting sql python oop language cloud platforms azure,Data Scientist
python pandas numpy scikitlearn statistics machine learning data science data preprocessing data postprocessing metadata model performance evaluation kpis,Data Scientist
protein structure analysis protein data bank pdb machine learning deep learning pytorch tensorflow keras scikitlearn data visualization git docker cloud computing,Data Scientist
machine learning artificial intelligence natural language processing deep learning python r sql statistics data warehousing data mining data visualization communication,Data Scientist
data science antimoney laundering data analytics machine learning risk management data quality data governance reporting design architecture implementation communication client service,Data Scientist
data science data analysis statistical modeling machine learning python sql tableau aws sage maker data visualization natural language processing business intelligence data management,Data Scientist
artificial intelligence ai machine learning software design python data engineering nlp ocr opencv digital image processing data modeling data analysis cloudbased software development,Data Scientist
data science market mix modeling mmm data analytics python sql database management data visualization machine learning cloud computing gcp aws azure statistics predictive modeling optimization techniques,Data Scientist
python machine learning deep learning neural networks analytical skills problemsolving skills communication skills docker kubernetes geospatial data aws azure,Data Scientist
senior analyst data scientist python sql tableau azure machine learning business intelligence data analysis data visualization statistical modeling powerbi,Data Scientist
data science predictive modeling statistical analysis endtoend solutions business insights patientcentric solutions datadriven decision making collaboration data requirements critical metrics experimentation machine learning,Data Scientist
data science predictive analytics prescriptive analytics business insights agile development data cleaning data preprocessing sql large datasets high dimensional datasets structured datasets unstructured datasets,Data Scientist
python tensorflow git scientific principles machine learning data science materials challenges materials discovery mathematical foundations computational modeling densityfunctional theory molecular dynamics,Data Scientist
machine learning python pytorch tensorflow keras deep learning statistical modeling regression analysis time series analysis bayesian methods software testing benchmarking,Data Scientist
data science iot machine learning artificial intelligence leadership data exploration data cleaning data analysis data visualization data mining statistical programming generalpurpose programming,Data Scientist
data mining mathematics statistical analysis tableau sql excel powerpoint statistical software database languages machine learning artificial intelligence data visualization,Data Scientist
data analysis problem solving microsoft power bi desktop microsoft power bi service dax data visualization data cleansing data transformation data sources sql storytelling data manipulation,Data Scientist
model building model deployment vertex ai vscode vertex ai pipelines kubeflow pipelines continuous integration continuous deployment github python tensorflow pytorch,Data Scientist
data science machine learning causal reasoning business decision science ai translation storytelling methodology business recommendation data analysis framework development ml model optimization ml bias measurement ml unspecification measurement,Data Scientist
cloud migration data migration python sql data science data warehousing star schemas reporting sap hana azure databricks azure synapse aws,Data Scientist
data science python tableau predictive analysis data modelling natural language processing nlp machine learning ml transformers neural networks bert tensorflow pytorch,Data Scientist
python sql pyspark hive logistic regression na ve bayes svm decision trees neural networks aws tensorflow pytorch,Data Scientist
software development software engineering hpc frameworks cuda mpi python go java bash linux machine learning concepts pytorch,Data Scientist
top security clearance data science forecasting natural language processing deep learning computer vision python sql machine learning time series analysis temporal data detailoriented,Data Scientist
data science machine learning ai statistical modeling data mining data visualization sas sql python r tableau power bi,Data Scientist
machine learning aws sagemaker forecasting models cloud technologies artificial intelligence python statistical modeling aws services vpc s3 ec2 lambda sns sqs rds emr nifi glue batch step functions kafka aks kinesis streams kinesis firehose,Data Scientist
data science machine learning image analysis microscopy algorithm development python c++ version control git github statistical rigor bioinformatics,Data Scientist
geospatial intelligence geoint data science statistical analysis predictive modeling data visualization u.s. sensor systems adversary threat capabilities phenomenologies mission processes data sources analytic disciplines intelligence production,Data Scientist
data scientist machine learning engineer automated credit model machine learning models credit underwriting loss rates profitability analysis data science modeling spanish language fluent/comfortable startup experience team leadership,Data Scientist
data science machine learning artificial intelligence fullstack application development big data cloud technologies analytics devops containerization python java bash scripting hadoop,Data Scientist
deep learning transformer architectures semistructured text hiring decisions crossfunctional teams project requirements success criteria datasets model training model evaluation performance optimization datadriven stories,Data Scientist
machine learning advanced analytics advertising largescale ml/dl platforms python java scala datadriven services applications data extraction data mining model training,Data Scientist
data science data management statistical analysis cloud computing system networking api generation ontology management database schema query optimization knowledge graphs security protocols data architecture,Data Scientist
aws glue python sagemaker sas analytical modeling data pipelines data conversion semistructured data data ingestion data integration informatica,Data Scientist
r hadoop tableau aws sagemaker statistical analysis quantitative analytics multivariate testing optimization algorithms data mining cloud computing predictive analytics ai artificial intelligence,Data Scientist
data science ai machine learning natural language processing computer vision signal processing tracking multilingual text agile teams data association inference techniques virtualization,Data Scientist
data science python r sql deep learning linear algebra matrix functions programming scripting c# c++ analytic frameworks,Data Scientist
data scientist database development database maintenance database performance relational databases table structures table relationships data normalization entity relationship diagrams data analysis assessments analyses,Data Scientist
data science dataiku big data python communication problemsolving teamwork adaptability data pipelines analytical workflows reusable tools documentation,Data Scientist
data science statistical analysis machine learning deep learning predictive modeling consulting sql spark pyspark hive azure aws,Data Scientist
data science agile devsecops continuous process improvement datacentric organization ai/ml software development application development modernization artificial intelligence division project zeus data analytics,Data Scientist
data science artificial intelligence ai machine learning natural language processing library science and information studies library systems german french,Data Scientist
data science enterprise data science multivariate statistical tests timeseries forecasts segmentation models optimization models machine learning models sql python r tableau powerbi,Data Scientist
leadership data science collaboration data analysis algorithm development data visualization data mining statistical programming generalpurpose programming predictive modeling quantitative analysis machine learning,Data Scientist
machine learning deep learning python bash pytorch tensorflow keras scikit linux windows cuda nvidia gpu,Data Scientist
data capture data analysis big data architecture datadriven predictive maintenance supervised learning unsupervised learning kpi reporting sql machine learning neural networks linux git,Data Scientist
data science computer science engineering statistics python pytorch keras tensorflow kubernetes docker nlp llms,Data Scientist
data science business intelligence sales enablement automation artificial intelligence machine learning data mining data integration data visualization predictive modeling data analysis sql,Data Scientist
data analytics machine learning predictive modeling data visualization data pipelines tableau power bi python matlab r machine learning algorithms statistical analysis,Data Scientist
data science data analytics sql oracle mysql postgresql nosql etl data apis python java scala,Data Scientist
computer vision scene detection object detection content intelligence pytorch tensorflow scikitlearn python machine learning sports acumen data labeling api integration,Data Scientist
data science data visualization business acumen statistical modeling agile project management data mining r python java numpy matlab spark,Data Scientist
data science computer science engineering mathematics statistics physics python sql git postgresql teradata hadoop,Data Scientist
machine learning data science tech predictive modeling time series forecasting python deep learning project leadership ts/sci nlp artificial intelligence software engineer,Data Scientist
data science data engineering statistics mathematics machine learning python sql git pyspark data structures algorithms oop,Data Scientist
defi nfts daos web 3.0 a,Data Scientist
data science predictive modeling docker aws sagemaker machine learning python tableau powerbi spark pyspark project management insurance industry experience,Data Scientist
data analysis framework metrics dashboard supply chain operation ecommerce kol inventory sales model statistics,Data Scientist
forecasting predictions data mining causal inference optimization recommendation leadership qualities project formulation project management data science models business leader data leader,Data Scientist
machine learning artificial intelligence recommender systems nlp time series modeling graph neural networks data analysis data visualization data engineering data products causality sql,Data Scientist
graphbased ai data science data manipulation advanced software development python r scala c++ julia sql nosql postgresql,Data Scientist
data science machine learning statistical modelling cloud computing devops python sql tableau relational databases sas r matlab,Data Scientist
data science recommender systems machine learning production environments aws mlops python pytorch tensorflow agile team building technology scaleup,Data Scientist
ml modeling prediction pipelines multimodal biomarker data bioinformatics strategy protocoldriven configuration layers biomarker platform r python devops tools version control clinical trials real world data,Data Scientist
machine learning data science natural language processing computer vision python sql neural networks tensorflow pytorch sklearn clustering classification,Data Scientist
ai machine learning nlp ocr python conda aws h2o spark relational databases data analytics opensource programming languages,Data Scientist
data visualization data strategy model validation business context tech. problem formulation analytical modeling model deployment machine learning cloud technologies python spark scala,Data Scientist
predictive modeling statistical modeling data analytics programming data science machine learning artificial intelligence cloud computing data warehousing big data data governance business intelligence,Data Scientist
r d data scientist molten oxide electrolysis moe electrochemistry chemical engineering materials science metallurgical engineering chemistry statistical techniques propagation of uncertainty statistical significance testing design of experiments,Data Scientist
data science business intelligence data analysis data visualization tableau plotly data studio sql python automation project management communication,Data Scientist
accounting budgeting variance analysis microsoft office excel data analysis cost reduction market trends reimbursement strategies contracting terms utilization data reporting,Data Analyst
data acquisition data validation data transformation power utility costofservice studies financial and economic modeling rate design and development pricing and rate structures statistical analysis data visualization technical writing cost allocation studies presentation skills,Data Analyst
sql r python data analysis data visualization tableau power bi statistical modeling hypothesis testing a/b testing data management etl processes,Data Analyst
data analysis sql r python statistical modeling hypothesis testing data management etl data visualization collaborative communication tableau,Data Analyst
financial analysis data analysis business intelligence strategic planning finance accounting economics healthcare administration business administration analytical modeling communication healthcare reimbursement models,Data Analyst
data analysis data interpretation datadriven decision making performance metrics reporting data quality management data collection data cleansing data manipulation data visualization data presentation stakeholders management,Data Analyst
data analysis data visualization data mining data science python r tableau analytical skills databases business analysis business intelligence bi microsoft sql server,Data Analyst
data analysis sql fraud investigation communication detailorientation analytical thinking multitasking prioritization organizational skills digital video skills investigation experience,Data Analyst
data analysis data interpretation statistical analytics data visualization performance metrics business intelligence data quality data manipulation data cleansing statistical modeling a/b testing algorithm development,Data Analyst
sql r python snowflake posit sigma tableau power bi tsql clinical data oncology datasets epidemiological methods,Data Analyst
data processing analytical skills microsoft office microsoft access tsql data visualization tableau microsoft power bi healthcare revenue cycle hospital and physician reimbursement mechanics medicare cost report service line modeling,Data Analyst
sql tableau python data analysis data visualization data mining data science r programming language analytical skills databases business analysis business intelligence bi,Data Analyst
data analysis statistical techniques data visualization sql r python tableau power bi statistical modeling hypothesis testing a/b testing data management,Data Analyst
data analysis statistical techniques data visualization sql r python etl tableau power bi statistical modeling hypothesis testing a/b testing,Data Analyst
data analysis advanced statistical techniques data visualization business intelligence machine learning data mining data modeling data warehousing sql r python tableau,Data Analyst
data analysis data entry advanced statistical techniques datadriven decisionmaking business process optimization a/b testing data quality management data cleansing data manipulation data visualization tableau power bi,Data Analyst
data analysis data visualization sql data analytics analytics python programming language data mining data science r programming language tableau analytical skills data representation,Data Analyst
data governance data quality data stewardship data analysis data lineage data management data modeling data cataloguing data analytics data validation sql oracle,Data Analyst
data representation data analysis sql data analytics analytics python programming language data mining data science r programming language tableau analytical skills data visualization,Data Analyst
salesforce marketing cloud google analytics data analysis marketing analytics sem campaign strategies seo practices ppc campaigns customer engagement crossselling digital marketing campaigns competitive research benchmarking data,Data Analyst
workforce planning data analysis metrics reporting data visualization sql power bi tableau excel business intelligence data integrity data management,Data Analyst
data analysis statistical techniques data mining trend analysis performance metrics reporting datadriven decision making business intelligence modeling algorithms a/b testing data quality,Data Analyst
data analysis advanced statistical techniques r python sql tableau power bi data visualization statistical modeling hypothesis testing a/b testing data management,Data Analyst
data analysis data interpretation data visualization sql r python tableau power bi data management etl statistical modeling hypothesis testing,Data Analyst
data analysis statistical techniques advanced tools data interpretation datadriven decision making business questions data and analysis requirements optimization data collection data cleansing data manipulation data visualization,Data Analyst
data analysis sql r python statistical modeling hypothesis testing a/b testing tableau power bi data visualization data management etl processes,Data Analyst
data analysis data interpretation statistical techniques data mining reporting decisionmaking modeling algorithms a/b testing data quality data integrity data collection,Data Analyst
data analyst digital marketing marketing data mining business insights analytical tools dashboards campaign optimization crossfunctional collaboration kpi analysis data integration problemsolving,Data Analyst
gas supply planning data analytics data modeling dashboard creation reporting mathematical and analytical methodologies data analysis data quality assessment data communication spreadsheet analysis data request support report development,Data Analyst
analytics business intelligence ms office suite sql tableau sisense qlik microsoft powerbi r python sas spss,Data Analyst
data analysis sql data analytics data mining data science python tableau analytical skills data visualization databases business analysis business intelligence bi,Data Analyst
data analysis data management dashboard creation data validation data reconciliation workflow management fund administrator support investor reporting communication skills,Data Analyst
data processing statistical analysis advanced programming powerpoint power bi rosetta studio decipher xml html python wincross salesforce,Data Analyst
data analytics data warehousing data visualization business intelligence data analysis data manipulation statistical tools key performance indicators kpis data integration bigquery google data studio google analytics,Data Analyst
data analysis attention to detail multitasking time management written and oral communication crossfunctional collaboration personal and professional integrity microsoft excel sap preferred kpi database maintenance report generation npi new product introduction bom and service cost,Data Analyst
sql queries data analysis business analysis palantir foundry communication microsoft excel business requirements and specifications data visualization tools power bi tableau consulting,Data Analyst
data analysis capacity and resource management business intelligence tools and techniques visualisation automation selfservice data quality and integrity powerbi sql it sector higher education sector collaboration,Data Analyst
sql relational databases data integration etl data warehousing business intelligence mortgage servicing systems loan originations real estate finance industry tsql sql server 2016 visual studio 2017,Data Analyst
data analysis microsoft office excel sql coding access asset management project management monthly invoicing billing issue resolution contract review lookup formulas action item tracking collaboration,Data Analyst
ediscovery data analysis data collection data preservation data extraction litigation public records requests ediscovery data management technical support troubleshooting boolean search powershell,Data Analyst
medicaid ohca osdh probabilistic deterministic sas business objects mch title v block grant statistical analysis epidemiology data visualization,Data Analyst
gis spatial data mapping software data analysis data visualization data management database management geographic information systems gis census data development activity data data reports dashboards,Data Analyst
data analytics tableau sql python statistics mathematics computer science data exploration data presentation programming microsoft sql sap,Data Analyst
data analyst investor services data analysis management investor portal fund administrators data flow distribution investor reporting call notice data workflow mapping,Data Analyst
data analysis data modeling sql dbt looker tableau metabase redshift snowflake bigquery git python,Data Analyst
epic clarity healthcare data analysis data visualization data reporting clinical outcomes improvement datadriven solutions advanced technology integration clinical informatics user experience design data dictionaries project management stakeholder observation,Data Analyst
power bi data wrangling data integration data analysis excel sql data modelling dax data validation dax measures azure dev ops sql server,Data Analyst
data analysis business intelligence analytics programming languages sql python r excel data visualization data mining statistical analysis machine learning,Data Analyst
data analysis reporting data visualization sql workday visier looker excel sheets google suite talent acquisition human resources,Data Analyst
financial aid data analysis data management reporting federal and state funded programs process improvement program execution process management quality assurance compliance strategic planning collaboration,Data Analyst
data analysis data mining data science data representation data visualization analytics business analysis business intelligence bi machine learning statistics data analytics sql,Data Analyst
data analysis data modeling statistics data visualization power bi r programming python programming storytelling insight development interpersonal skills stakeholder engagement strategic decisionmaking,Data Analyst
data analysis research spss statistical software data collection data interpretation report writing proposal preparation data requests quantitative analysis qualitative analysis bachelor s degree,Data Analyst
data analysis data visualization data interpretation data quality data integration data cleaning data mining reporting business intelligence communication analytical thinking problem solving,Data Analyst
data management data analysis advanced queries sas r sql tableau ipeds data visualization tables charts reports,Data Analyst
production support data analyst data analysis data warehousing etl business intelligence architectures sql rdbms ddl data validation data discovery data mapping reporting,Data Analyst
data validation data scrubbing forecasting skulevel demand forecasting marketing strategy data storytelling npi project management team collaboration excel data management data visualization tableau,Data Analyst
public health public policy criminology economics political science community development sociology research analyst study design data collection data management data analysis,Data Analyst
data analysis reporting powerbi dashboard creation data visualization scripting python sql servicenow google analytics state/local government,Data Analyst
data management business process improvement performance management data analysis data sets business information systems logic reasoning public policy business administration finance microsoft office,Data Analyst
metrics/data analysis microsoft office suite microsoft access microsoft excel data integration data summarization data analytics data solutions information technology safety engineering industrial engineering,Data Analyst
data analysis sql python financial crimes compliance aml alert investigations actimize jira confluence scrum agile payment systems,Data Analyst
data visualization quantitative analysis qualitative analysis power bi qualtrics sql r python qlik tableau excel access,Data Analyst
data analysis deviations root cause analysis capa corrective and preventive action gmp good manufacturing practice statistical analysis software excel infinity electronic quality system data trending and tracking interpretation of results generation of conclusions quality risk management,Data Analyst
data analysis python sql tableau powerbi qlik sense geospatial tools pyspark databricks hypothesis testing regression time series analysis,Data Analyst
sql postgresql aws athena s3 parquet format redshift python tableau prep tableau aws sagemaker statistics data science insurance industry experience,Data Analyst
data analysis python tableau sql aws advanced data analysis tools data visualization cloud computing big data project management data quality business strategy,Data Analyst
data analysis statistics data mining data visualization data modeling optimization a/b testing data management data manipulation data cleansing sql r,Data Analyst
big data pentaho architecture aws s3 athena sql hive teradata spark sql data quality python databricks machine learning tableau power bi spark scala,Data Analyst
data analysis sql stored procedures advanced sql data warehousing excel tableau sas suite ms sql server oracle etl data warehouse transformation processes,Data Analyst
data analysis statistical analysis machine learning data visualization data management etl sql r python tableau power bi big data,Data Analyst
data analysis statistical techniques data visualization a/b testing data mining data management data cleansing data manipulation sql r python tableau,Data Analyst
data analysis data visualization data reporting data cleaning data validation data migration data quality sql microsoft excel microsoft power bi written communication verbal communication,Data Analyst
data analysis business requirements analysis data modeling algorithm development data transformation data visualization performance optimization collaboration documentation continuous learning data science computer science,Data Analyst
contracts sap sharepoint jira customer master file data analysis report writing presentations,Data Analyst
siebel salesforce sharepoint ms office suite excel outlook crm databases advanced database skills analytical skills financial metrics invoicing sales reporting,Data Analyst
data analyst data engineer data scientist python api integration sql tableau tableau prep data engineering excel big data snowflake,Data Analyst
data analytics statistical techniques data interpretation database development data mining data segmentation reporting packages business objects etc. databases sql etc. programming xml javascript etl frameworks statistical packages excel spss sas etc. data collection data analysis,Data Analyst
data analyst data warehouse sql jira snowflake p c insurance policies claims data analysis data reconciliation data extraction,Data Analyst
data analysis data interpretation statistical techniques advanced tools datadriven decisionmaking performance metrics reporting collaboration business questions optimization a/b testing data quality,Data Analyst
data analysis data interpretation data cleansing data transformation data visualization data mining data presentation alteryx sql python r excel,Data Analyst
data analysis data visualization sql snowflake relational databases statistical concepts regression decision tree random forest python r predictive modeling,Data Analyst
sap excel data management data life cycle management master data management product launch management catalog management data validation electrical/mechanical/technical background product lifecycle management product data management crossfunctional collaboration,Data Analyst
data analytics business analytics proof of concept data validation data remediation statistical analysis data modeling algorithm development data visualization financial modeling forecasting python,Data Analyst
data analysis cloud computing data visualization analytical methods data management python tableau sql aws structured data unstructured data datadriven insights,Data Analyst
data analysis etl/elt pipelines data integration data acquisition data transformation data cleansing data warehousing linear regression timeseries analysis machine learning data visualization user interface design,Data Analyst
data analytics data management data governance structured query language sql microsoft office suite excel visio power bi data reconciliation data validation data quality assurance data warehousing data visualization data mining data modeling,Data Analyst
data analysis statistical techniques data mining trend analysis predictive analytics datadriven decision making data visualization tableau power bi a/b testing etl sql,Data Analyst
data analysis operations research analysis cyber planning knowledge management assessment data visualization data presentation strategic assessment campaign assessment military assessment big data analysis data mining,Data Analyst
data analysis statistical techniques data visualization sql r programming python tableau power bi statistical modeling hypothesis testing a/b testing data management,Data Analyst
data modeling data analysis data architecture sql data cleansing data interpretation data visualization data engineering data warehousing cloud computing azure databricks,Data Analyst
data analysis data entry data visualization statistical modeling sql r python tableau power bi hypothesis testing a/b testing data management,Data Analyst
data analysis sql r python statistical techniques performance metrics reports datadriven decisionmaking algorithms a/b testing data quality data integrity,Data Analyst
data analysis data analytics advanced data analytics data management data solutions data manipulation data exploration technology use skillset development campaign analysis tools customer targeting personalization,Data Analyst
data analysis data interpretation statistical techniques data visualization sql r python tableau power bi analytical thinking problem solving communication,Data Analyst
data analysis statistics databases sql r python data visualization tableau power bi statistical modeling hypothesis testing a/b testing,Data Analyst
data analysis statistical tools sql r python data visualization tableau power bi hypothesis testing a/b testing data management etl,Data Analyst
data analysis statistical techniques advanced data analysis tools python r sql performance metrics reporting data mining machine learning optimization a/b testing,Data Analyst
data analysis statistical techniques data visualization data management data warehousing software development data mining machine learning artificial intelligence data analytics cloud computing big data,Data Analyst
ticket analysis data labeling stakeholder collaboration crossfunctional collaboration customer interaction issue resolution bug replication ticket escalation documentation process improvement performance metrics sla,Data Analyst
sql r python data analysis data visualization tableau power bi statistical modeling hypothesis testing a/b testing data management etl,Data Analyst
agile data analysis data engineering data visualization data science data visualization tools tableau power bi excel health care hedis information systems python powerpoint,Data Analyst
database tools ad hoc reporting visual presentation skills excel spreadsheet skills asset management asset master data management metadata management strategy data quality data governance data integrity data coordination collaboration,Data Analyst
sas spss sql access business objects statistical software database management software data analysis scientific research methods statistical techniques mathematics geographical concepts,Data Analyst
data compilation microsoft excel mortgage industry terminology sql database data modelling report creation development team collaboration analytical skills background check,Data Analyst
looker lookml sql gcp python matplotlib seaborn bigquery data visualization data mining statistical analysis business intelligence,Data Analyst
data analysis data management data extraction data analytics statistical analysis quality assurance data visualization business process analysis business requirements analysis excel power bi access,Data Analyst
sql sas python powerbi excel data analytics health it consulting cms vrdc environment healthcare claims data database architecture etl modeling,Data Analyst
data analysis sql ssrs ssas power bi excel data warehousing sql queries stored procedures sql server datadriven analysis business processes,Data Analyst
finance procurement accounts payable sap concur esker tableau jira linux sql python r,Data Analyst
aeronautical data analysis data processing quality assurance database management software development structured query language sql microsoft sql server aeronautical charting instrument flight rules united states national airspace system air traffic control flight management systems,Data Analyst
fraud detection data analysis data mining risk management fraud prevention identity theft forgery financial transactions banking financial institution,Data Analyst
data mining analytical software risk management systems sql tableau machine learning data collection/pipelining visualization/dashboarding tools fraud detection chargebacks payment processing ecommerce,Data Analyst
data analysis business intelligence storytelling data visualization data management data reporting data mining data warehousing data lakes data modeling data integration data stewardship,Data Analyst
data analyst business analyst snowflake azure data mining data exploration sql tableau qlik view power bi p c insurance finance,Data Analyst
financial analysis cost analysis profitability analysis forecasting financial modeling budgeting financial reporting capital expenditure analysis roi analysis manufacturing cost analysis variance analysis accounting standards,Data Analyst
risk management compliance audit financial services regulatory framework data aggregation data preparation data analysis process improvement application development dashboard development datarelated solutions,Data Analyst
vendor master data analyst financial analyst data maintenance system support data governance subject matter expertise process improvement business finance accounting payable accounting receivable health benefits,Data Analyst
data analysis sql r python tableau power bi statistical modeling hypothesis testing a/b testing data management etl processes data visualization,Data Analyst
data analysis statistical techniques data interpretation reporting datadriven decision making data quality management data collection data cleaning data manipulation data visualization data presentation sql,Data Analyst
front end development azure cloud solutions react ui/ux design .net development agile methodologies international collaboration microsoft azure serverless microservice architecture javascript typescript c#,Frontend Developer
react node.js software development scalable infrastructure cloudbased infrastructure data handling opensource development code reviews mentorship team building ai cloud technologies,Frontend Developer
react js javascript html css agile development process oracle sdlc process unit testing wireframes ui mockups devops,Frontend Developer
javascript angular typescript node.js nestjs react aws opentelemetry observability engineering distributed systems networking aws services,Frontend Developer
react engineering programming git branches forks merges configurations github actions react native ios android,Frontend Developer
frontend development reactjs java nodejs html css javascript unit testing interpersonal skills communication skills browser and operating system support repeatable code,Frontend Developer
frontend engineering javascript typescript react html css artificial intelligence ai large language models llms problemsolving attention to detail,Frontend Developer
angular react svelte enterprise web applications css rest gis esri tools ogc standards ci pipelines elasticsearch kibana,Frontend Developer
javascript frontend frameworks wcag 2.0 react.js html5 css frameworks bootstrap ada user experience java ide tools eclipse,Frontend Developer
reactjs typescript webpack babel npm yarn redux git jira confluence slack aws,Frontend Developer
frontend development ui/ux design javascript react.js html5 css frameworks bootstrap ada wcag 2.0 section 508 compliance user experience design java,Frontend Developer
html css angular graphql javascript user experience ux user interface ui agile development version control git web security front end development,Frontend Developer
angularjs javascript typescript es6 nodejs responsive mobile web development webpack react java web development maven html css,Frontend Developer
front end development react webpack node html5 css4 javascript java adobe aem cms adobe experience manager adobe marketing cloud restful apis,Frontend Developer
react react native mobile development kotlin java swift objectivec saas graphql oauth2/oidc playwright postgres,Frontend Developer
react javascript typescript node.js php mysql aws aws lambda html css git api,Frontend Developer
front end developer html css dreamweaver photoshop image editing wordpress content management cms responsive development troubleshooting browsers,Frontend Developer
web development frontend development css html5 css3 javascript node.js json ajax bootstrap foundation by zurb react,Frontend Developer
web development front end development user interface design html5 css3 sass/less javascript react/react native webpack babel git agile methodology,Frontend Developer
agile angular aws cloudformation bootstrap css3 html5 java javascript node.js npm terraform typescript,Frontend Developer
machine learning artificial intelligence virtual assistants blockchain microleadership service learning project management human resource business partners react native ios development javascript es6 syntax,Frontend Developer
react remix gatsby next.js sdlc objectoriented programming oop functional programming fp jest react testing library cypress selenium javascript,Frontend Developer
frontend development web development wordpress html css javascript acf php ux usability crossfunctional collaboration documentation,Frontend Developer
javascript html css react node.js rest/json api ui components git version control communication documentation retail pos platforms,Frontend Developer
typescript react rest apis mqtt pubsub 3d graphics python mongodb oauth android app development three.js robotics,Frontend Developer
headless cms/ecommerce platform content management ecommerce marketing collaboration tools saas platform computer science information technology front end development html javascript scss/sass/less,Frontend Developer
angular react svelte css backend services integration rest apis gis concepts esri tools ogc standards ci pipelines elasticsearch kibana,Frontend Developer
react typescript data structures algorithms restful apis asynchronous programming state management redux full medical benefits flexible hours 401k match plan education reimbursement,Frontend Developer
typescript react graphql next.js material ui storybook javascript html css react ui/ux data visualization,Frontend Developer
javascript vue react angular unit testing integration testing postgresql sqlite mssql mysql git microservices,Frontend Developer
c# react js typescript asp.net web api entity framework ms azure ms sql server redis rabbit mq keycloak kubernetes prometheus,Frontend Developer
reactjs redux pixi scss html5 web architectures and protocols rdbms continuous integration and deployment apis rest soap graphql aws data structures and algorithms computer science fundamentals,Frontend Developer
javascript html css python bash ruby react css capabilities reporting tools client tools frontend applications software,Frontend Developer
react next.js typescript mobx mstgql ethers.js typechain jest eslint prettier vercel figma,Frontend Developer
html css angular graphql javascript ux/ui design responsive design coding standards frontend optimization agile development git web security,Frontend Developer
ui/ux development javascript angular frontend development scalable code reusable code maintainable code ui design user interface programming software components complex user interface problems computer science,Frontend Developer
ai artificial intelligence deep learning tensorflow python nlp program leadership governance change enablement basic algorithms objectoriented design functional design bestpractice patterns,Frontend Developer
react javascript css html twilio micro frontend agile scrum peer programming frontend development customer omnichannel experience digital communications experience contact center,Frontend Developer
frontend development react typescript core react next.js firebase node.js javascript css figma crossfunctional projects customercentric,Frontend Developer
angular js javascript react software automation software development full lifecycle development ts/sci clearance team player top secret clearance front end development,Frontend Developer
react typescript html css javascript .net c# python docker kubernetes software development lifecycle models source code control,Frontend Developer
javascript ui/ux design data analysis data visualization software design react angularjs angular vue dojo restful microservices python,Frontend Developer
react js nest js html5 css3 javascript react angular vue.js git webpack wcag ui/ux,Frontend Developer
software development frontend development ecommerce development react javascript html css webpack babel eslint git restful apis,Frontend Developer
react javascript typescript graphql css vite webpack babel figma mui html agile,Frontend Developer
componentbased architecture react vue angular html css typescript javascript web browser apis http npm packages automated testing frameworks,Frontend Developer
frontend developer react node.js yarn ides restful apis git repositories version control software remote deployment tools html css less,Frontend Developer
javascript react.js html5 css3 jquery php mysql git crossfunctional team collaboration design implementation frontend technologies responsive web design,Frontend Developer
frontend development javascript typescript vue.js react angular web apis html5 css3 canvas api websockets restful web services,Frontend Developer
react javascript css html twilio agile scrum micro frontend platform frontend development software development design code quality teamwork,Frontend Developer
react typescript css graphql vite webpack babel figma html javascript mui agile,Frontend Developer
micro front ends architecture javascript frameworks angular reactjs module federation redux design systems cloud,Frontend Developer
react javascript typescript tailwind css mobx redux jest cypress playwright storybook django python,Frontend Developer
angular 7+ typescript javascript css html oop concepts design patterns intellij ide vs code ide agile software development restful microservices relational databases,Frontend Developer
react javascript c# kubernetes azure agile devops pair programming mentoring pull requests technical debt documentation,Frontend Developer
frontend development javascript frameworks asynchronous programming module system bundling closures types es6 html css javascript es6+ typescript,Frontend Developer
agile react jest cypress mocha chai javascript computer science linting unit testing frontend user experience,Frontend Developer
html css drupal cms jquery angular node backbone reactjs agile framework restful json apis,Frontend Developer
frontend engineering typescript vue.js data flow analysis scalable product development codebase rebuilding quality assurance mentoring guidance remote work flexible hours yearly retreats,Frontend Developer
javascript frontend frameworks vue.js react javascript typescript html css scss ui/ux single page applications rest backends/services design patterns,Frontend Developer
senior fronend development javascript vuejs agile scrum safe,Frontend Developer
reactjs angularjs html html5 xml css css3 sass angular react js redux jquery,Frontend Developer
frontend development html css javascript react redux saga axios bootstrap windows .net 7.2 c# visual studio 2019,Frontend Developer
frontend development ui design and development web development mobile development html css javascript typescript react tailwind jsp software development,Frontend Developer
software development web applications web services automation angular typescript html5 css3 node.js npm bootstrap agile,Frontend Developer
angular 8 or 2+ github git command line datadriven architecture ui pull requests,Frontend Developer
typescript javascript react.js html5 css3 source control agile frontend frameworks frontend libraries c# php docker,Frontend Developer
frontend development typescript javascript react.js html5 css3 source control git agile frontend frameworks libraries c#,Frontend Developer
shopify liquid javascript frontend development software development agency msp consultancy autonomy flextime core hours healthcare,Frontend Developer
software engineering system design agile development system monitoring automated testing testdriven development typescript nodejs express nestjs vuejs reactjs,Frontend Developer
react javascript jquery html5 xhtml css4 ajax angular 10 react js redux bootstrap restful,Frontend Developer
software development angular typescript test automation project management resource allocation budgeting teamwork technical writing problem solving critical thinking analytical skills,Frontend Developer
angular angular2+ angularjs rxjs typescript php javascript vuejs nodejs html css cesium,Frontend Developer
ui front end development agile software development fullstack application development big data cloud technologies analytics machine learning ai devops containerization cnd cne cno,Frontend Developer
javascript react typescript testing bundling css frameworks preprocessors sass scss integration of apis microservices material ui,Frontend Developer
front end software engineer javascript typescript angular frameworks html css google material design agile scrum cucumber angular typescript allure aws cloud technologies,Frontend Developer
javascript vue react angular asynchronous programming single page applications,Frontend Developer
html css javascript handlebars jquery email marketing website marketing digital marketing advertising product management triggered workflows a/b testing,Frontend Developer
front end development user interface design web development application development php html css javascript figma laravel framework node.js serverside technologies,Frontend Developer
frontend development vuejs php laravel ui/ux css google analytics google tag manager vwo algolia search agile scrum,Frontend Developer
javascript html css react ci/cd unit testing / tdd azure aws,Frontend Developer
vuejs react angular html5 css3 javascript node.js webpack babel npm/yarn es6+ restful apis,Frontend Developer
typescript react python terraform gcp llms gpt3 codex sheets autofill sql chrome extensions,Frontend Developer
javascript reactjs angular vuejs typescript c# nodejs agile scrum lean continuous deployment user centric design,Frontend Developer
software engineering javascript typescript pixijs html5 css/scss spa architecture angularjs node.js grunt webpack bower,Frontend Developer
javascript es6 html css javascript typescript react rest webpack rollup babel playwright,Frontend Developer
angular javascript typescript frontend development frontend testing flexitime remote work learning and development,Frontend Developer
javascript react.js node.js html5 css3 restful api git aws web technologies,Frontend Developer
angular docker azure devops ci/cd web development c# web api javascript jquery css html database design,Frontend Developer
frontend developer vue.js nuxt.js backend technologies serverside programming jamstack architecture mysql docker aws agile methodologies continuous integration unit testing,Frontend Developer
javascript html css typescript sass less angular angular ui libraries state management rxjs software development best practices web applications,Frontend Developer
front end development react javascript css html twilio micro frontend peer programming agile scrum leadership backend development scrum training,Frontend Developer
reactjs javascript d3.js highcharts.js ux software engineering frontend engineering software architecture leadership web development data visualization greenfield projects,Frontend Developer
frontend development web development webbased pointofsale ui/ux design senior engineering project leadership pull request review mentoring software coding collaboration technical requirements design requirements,Frontend Developer
frontend development web development responsive web design css3 html5 javascript jquery bootstrap angular backbone sql server agile frameworks,Frontend Developer
react javascript typescript css graphql build systems vite/webpack/babel mui figma html agile process cloud infrastructure security competitive salary,Frontend Developer
front end react developer react typescript agile unit testing endtoend testing quality control software development software products bachelor s degree 7+ years software development experience 7+ years testing and launching software experience,Frontend Developer
react typescript css graphql vite webpack babel mui figma html javascript agile,Frontend Developer
front end development react typescript testing cypress vitest react testing library graphql javascript html css leadership,Frontend Developer
angular javascript html5 css agile xp tdd git grunt gulp npm bower,Frontend Developer
shopify plus html5 css3 javascript jquery crossbrowser compatibility responsive web design ecommerce reactjs css preprocessors sass/less seo accessibility,Frontend Developer
distributed systems user interface design web development mobile development javascript html5 css css preprocessors git build systems figma node packages,Frontend Developer
angular web front end javascript html gradle node.js react typescript css karma jasmine,Frontend Developer
react redux angular node.js typescript mvc micro frontend architecture micro services jest karma javascript jest,Frontend Developer
angular ui design html css scss bootstrap git javascript,Frontend Developer
angular typescript cucumber allure cloud technologies aws html css google material design javascript agile scrum,Frontend Developer
frontend architecture developer experience micro frontend architecture technical design documentation html css javascript react web component repositories ci/cd pipelines material design scss,Frontend Developer
frontend developer ui/ux design html5 css/less/sass javascript typescript react.js rest api soap api node.js es6 webpack,Frontend Developer
react javascript reactjs gws plugin development api integration qunit clasp tool appscript unit testing backend development frontend development java,Frontend Developer
react react native nodejs typescript javascript mysql postgres aws dynamodb lambda ecs cdk,Frontend Developer
agile restful apis oauth source control management continuous deployment html5 css3 javascript typescript react angular js,Frontend Developer
react angularjs html5 css nosql sql nextjs testdriven development tdd agile full stack development frontend development software architecture,Frontend Developer
deep learning machine learning distributed systems program management ui/ux design reactjs html5 css3 jquery ajax react redux,Frontend Developer
react javascript asynchronous programming module system bundling closures types es6 html css javascript es6+ typescript,Frontend Developer
angular javascript typescript sass webpack agile restful apis openapi json git azure devops .net,Frontend Developer
html css javascript javascript frameworks frontend frameworks responsive design mobile design crossbrowser development content management systems testing debugging adobe target,Frontend Developer
typescript react slack integration modern web development frontend technologies web application architecture productmarket fit collaborative product delivery workflow system design userfacing feature development user interface design hypothesis testing,Frontend Developer
cloud architecture artificial intelligence html css/sass javascript react.js angular angularjs vue.js rest api s redux typescript,Frontend Developer
vue.js vuex pinia vite cypress webpack javascript html css les react.js angular.js,Frontend Developer
typescript react webgl graphql software engineering computer science game development image editing tools startup experience single page applications continuous improvement automation,Frontend Developer
azure devops powershell c2 system configuration team foundation server tfs 2012 visual studio team services vsts git .net architecture web deployment iis continuous delivery continuous integration,DevOps Engineer
devops python java bash deployment automation observability monitoring alerting continuous integration continuous deployment concourse jenkins,DevOps Engineer
java python bash devops continuous integration/continuous deployment concourse jenkins gitlab automated deployment tooling deployment automation observability monitoring,DevOps Engineer
fabric devops team leadership project management communication collaboration cloudbased applications infrastructure as code pipeline management ci/cd linux containerization,DevOps Engineer
devops cloud computing infrastructure automation security architecture configuration management high availability disaster recovery administration deployment software development python,DevOps Engineer
automation devops agile software deployment source control management script automation aws gcp azure infrastructure architecture iac release management,DevOps Engineer
software development life cycle sdlc python automation solutions devops aws systems kubernetes cloud services unit testing test pipeline monitoring test pipeline deployment aws solutions building experience bachelor s degree in computer science,DevOps Engineer
kubernetes artifact management source control management ci/cd frameworks infrastructure as code go ruby python automation training devops hosting,DevOps Engineer
devops cloud security aws ec2 s3 iam vpc lambda eks ecs cloudfront cloudformation,DevOps Engineer
cloud support aws cloudformation cloud development kit cdk aws opsworks chef puppet codesuites elastic beanstalk aws service catalog control tower docker elastic container service,DevOps Engineer
devops software development cloud computing agile development fullstack development java python sql ruby go docker kubernetes,DevOps Engineer
aws jira confluence bitbucket jenkins sonarqube artifactory kubernetes docker linux ansible terraform,DevOps Engineer
devops aws azure gcp jenkins maven puppet ansible fortify white source aquascan prisma,DevOps Engineer
devops agile software engineering web technologies distributed computation storage frameworks domain analytics virtualized platforms cloud computing release automation devsecops continuous integration,DevOps Engineer
orchestrade technical support devops commodities trading ci/cd pipelines continuous integration continuous deployment software delivery system performance optimization high availability reliability python,DevOps Engineer
aws aws certified solutions architect associate aws certified developer amazon connect contact flow lambda dynamodb python web services rest services apis devops code promotion process agile methodology,DevOps Engineer
linux docker kubernetes python ansible devops automation,DevOps Engineer
react microservices architecture aws cloud scripting languages aws cloudformation ci/cd pipelines jenkins gitlab ci/cd aws codepipeline aws services elastic beanstalk ecs,DevOps Engineer
jenkins red hat enterprise linux rhel amazon web services aws google cloud platform gcp gitlab kubernetes bash python hashicorp terraform ansible vagrant,DevOps Engineer
devops cloud service providers configuration management infrastructure automation continuous integration software engineers security engineers scalability efficiency reliability modern tech stack architectural research,DevOps Engineer
devops software releases crossteam collaboration quality assurance software releases management risk assessment compliance and documentation stakeholder communication iac standards network configurations networking environments automated testing,DevOps Engineer
devops engineering cloud native technologies unix or linux system administration infrastructure as code configuration management container orchestration programming languages scripting languages agile development practices ci/cd git,DevOps Engineer
devops ci/cd cloud infrastructure proactive monitoring alerting infrastructure proof of concepts agile development collaborative environment devops engineering community source code management git bitbucket,DevOps Engineer
devops mlops machine learning artificial intelligence software engineering data science data pipelines ci/cd cloud computing azure python docker,DevOps Engineer
kubernetes openshift redhat openshift terraform infrastructure as code iac ci/cd continuous integration continuous deployment monitoring logging security,DevOps Engineer
cloud migration ci/cd pipelines devops aws terraform aws best practices thought leadership python nodejs java ruby linux,DevOps Engineer
kubernetes aws eks aws mulesoft mulesoft platform admin amazon kubernetes services nginx proxy argo cd/gitops application networking layer 7 authentication pathbased routing,DevOps Engineer
aws terraform devops ci/cd linux python nodejs java ruby ansible chef puppet,DevOps Engineer
java python sql ruby go docker kubernetes ansible terraform aws devops engineering cloud native technologies,DevOps Engineer
java node.js terraform ansible chef puppet python agile software development agile methodologies agile project management software project management defensive cyber military operations,DevOps Engineer
devops cicd git github github actions gitops pipelines jenkins maven docker kubernetes jira confluence,DevOps Engineer
c# cloud gcp azure automation devops build engineer unit testing ci/cd teamcity octopus selfstarter,DevOps Engineer
devops aws azure terraform ansible git linux red hat centos debian ubuntu english,DevOps Engineer
google cloud platform ci/cd cloudbuild github actions gitlab ci datadog sentry prometheus grafana kubernetes docker terraform,DevOps Engineer
engineering management devops developer experience reliability scalability maintainability design planning ambiguity removal dependency resolution,DevOps Engineer
site reliability engineering devops systems administration network administration it aws cloudfront ec2 elb eks iam rds,DevOps Engineer
devops engineering automation orchestration network administration system administration identity management backup management dns management logging operating systems documentation process management,DevOps Engineer
devops software development system integration reporting and data analysis c# vb.net python java .net core sql server iis azure,DevOps Engineer
kubernetes software development aws devops infrastructure as code configuration as code continuous integration continuous delivery identity authentication authorization singlesignon saml,DevOps Engineer
linux networking dns http security relational databases mysql postgresql oracle git jenkins circleci,DevOps Engineer
software development azure devops github actions devops tools administration azure fundamentals azure administration ci/cd pipelines ide tools revision control systems root cause analysis identity security policies,DevOps Engineer
devops automation ci/cd azure azure devops aws git terraform ansible docker sonarqube artifactory,DevOps Engineer
devsecops ci/cd github actions azure devops datacoves terraform sonarqube kubernetes aws devops strategy devops implementation devops maturity assessment,DevOps Engineer
devops terraform cloudformation iac ci/cd testing docker kubernetes monitoring alerting security automation,DevOps Engineer
devops infrastructure as code iac terraform ansible microsoft bicep kubernetes kubernetes clusters development tools testing tools automation tools it infrastructure continuous integration,DevOps Engineer
infrastructure as code iac terraform cloudformation continuous integration/continuous deployment ci/cd docker kubernetes monitoring alerting security automation devops git,DevOps Engineer
devops infrastructure as code iac continuous integration/continuous deployment ci/cd containerization orchestration docker kubernetes monitoring alerting security automation collaboration,DevOps Engineer
devops aws azure infrastructure automation frameworks ci/cd pipelines performance optimization security measures game development workflows reliability scalability efficiency,DevOps Engineer
jira devops build release management ims appops artefact migration onsiteoffshore coordination governance lead jira cloud jira onprem sonarqube artefactory change management process,DevOps Engineer
linux kubernetes terraform aws cloudflare devops software development methodologies version control systems debugging communication collaboration problemsolving,DevOps Engineer
devops kubernetes administration artifact management software source control management software ci/cd frameworks infrastructure as code frameworks scripting programming languages go ruby python it experience,DevOps Engineer
devops engineering cloud native technologies agile development practices coding and scripting container orchestration system administration cloudbased solutions java python sql ruby go,DevOps Engineer
kubernetes jenkins docker aks terraform ibm http server ibm websphere application server ibm mq deployment manager nd/liberty cicd devops build engineering release management,DevOps Engineer
devops openshift docker qemu artifactory gitlab github sonarqube ansible terraform ci/cd c++,DevOps Engineer
devops microsoft windows server sql server ats crm infrastructure management automation scripting performance monitoring troubleshooting infrastructure improvements security and compliance hyperv,DevOps Engineer
devops iac infrastructure as code ci/cd continuous integration/continuous deployment containerization orchestration docker kubernetes monitoring alerting security automation collaboration,DevOps Engineer
devops software platform engineer kubernetes helm kustomize crds operators rancher management server docker containers dockerfile docker build kaniko,DevOps Engineer
devops best practices infrastructure creation application scaling monitoring continuous delivery automation cloud provider aws software delivery best practices sdlc infrastructure as code,DevOps Engineer
terraform cloudformation ci/cd docker kubernetes monitoring alerting security best practices automation development operations infrastructure,DevOps Engineer
python development container technologies azure aws devops api access docker kubernetes machine learning ai ci/cd pipeline documentation,DevOps Engineer
devops cloud platform optimization software development cloud architecture linux distributions microservice architecture aws google cloud platform azure infrastructure testing crossfunctional collaboration technical vision,DevOps Engineer
7+ years it experience go python docker kubernetes gitops argocd flux network architecture internet security best practices linux aws,DevOps Engineer
cloud engineering software architecture python vue.js devops ci/cd microservices containerization gitlab docker elk sonarqube,DevOps Engineer
devops iac infrastructure as code terraform cloudformation ci/cd continuous integration/continuous deployment docker kubernetes monitoring alerting security automation python,DevOps Engineer
dev ops ansible ansible tower linux administration amazon web services docker ecs eks bitbucket jenkins cloudbees terraform,DevOps Engineer
devops engineering cloud native technologies unix linux system administration terraform ansible container orchestration docker kubernetes agile development practices java python,DevOps Engineer
azure devops ado devops lifecycle devops tooling azure data platforms programming languages python go ruby etc jupyter notebook json parsing lowlevel design documents cloud services technical design authority approvals ado pipelines ukbased travel,DevOps Engineer
python bash node.js terraform aws cloudformation azure resource manager ecs rds cloudfront api gateway dynamodb eks,DevOps Engineer
web data acquisition information extraction ai data science networking cost optimization scalability telemetry observability aws terraform kubernetes,DevOps Engineer
azure devops cloud services azure security pa firewalls waf ips ids monitoring alerting networking ip nat,DevOps Engineer
aws devops cloud infrastructure cloud security pcidss log analysis metric analysis cloudformation cloudformation/cdk network security security controls threat detection,DevOps Engineer
cloud operations devops engineering observability monitoring alerting troubleshooting cyber security data infrastructure sql nosql data lakes blob storage,DevOps Engineer
devops kubernetes administration artifactory gitlab gitlab ci puppet terraform ansible go ruby python scripting,DevOps Engineer
devops monitoring system reliability continuous integration continuous deployment quality control quality assurance process improvement data analysis reporting python linux,DevOps Engineer
java development devops application development coding testing collaboration continuous integration continuous deployment cloud implementation aws french english,DevOps Engineer
azure devops terraform ci/cd cloud computing iaas paas saas bash python java iac cloud devops,DevOps Engineer
devops ci/cd aws gitlab jenkins ansible terraform python java bash linux s3,DevOps Engineer
java cloud services pcf azure aws nosql databases mongo sql databases oracle/ postgres distributed systems microservices ci/cd platforms jenkins bamboo concourse monitoring and alerting tools splunk dynatrace python java go sre/devops principles,DevOps Engineer
devops kubernetes artifactory gitlab gitlab ci puppet terraform ansible go ruby python scripting,DevOps Engineer
distributed systems automation continuous integration continuous testing linux systems prometheus grafana python golang data structures filesystems system calls,DevOps Engineer
automation software development operations services communication collaboration integration software developers it operations,DevOps Engineer
salesforce azure devops github snyk sonar cloud continuous delivery continuous integration agile methodologies scrum kanban xp git,DevOps Engineer
sql python powershell oracle mysql postgresql mongodb ansible chef puppet devops ci/cd,DevOps Engineer
systems cloud engineering continuous integration/delivery ci/cd devops infrastructure management software development automation cloud computing azure terraform powershell kubernetes docker git/github,DevOps Engineer
devops ci/cd pipelines jenkins gitlab java node.js scripting largescale ci/cd pipelines aws infrastructure as code terraform git,DevOps Engineer
windows operating systems iis web application environments .net coding practices configuration management tools desired state configuration dsc ansible infrastructure as code terraform cloud datacenter networking load balancing powershell scripting,DevOps Engineer
azure cloud infrastructure configuration management tools automated scripts industry standard tools issue resolution automated pipelines ci/cd tool integrations end to end traceability source code repositories application deployments infrastructure provisioning,DevOps Engineer
devops infrastructure as code terraform cloudformation continuous integration continuous deployment ci/cd containerization orchestration docker kubernetes monitoring,DevOps Engineer
distributed system automation prometheus grafana linux sre production engineering devops python golang data structures aws,DevOps Engineer
devops microservices containerized cloudready infrastructure agile methodologies automation jenkins ansible maven ios/android applications qa test suites git artifactory,DevOps Engineer
cloud platforms ci/cd monitoring/observability containerization and infrastructure as code scripting/programming database knowledge networking security developer tools aws azure gcp,DevOps Engineer
devops ci/cd pipelines automation workflows jenkins git scripting languages maven azure cloud azure devops azure pipelines infrastructure as code powershell,DevOps Engineer
devops oracle analytics server oas data modeling enterprise data warehouse itil service management framework waterfall methodology agile methodology team leadership technical support requirements gathering technical documentation,DevOps Engineer
devops cloud computing infrastructure as code automation monitoring continuous integration/continuous delivery/continuous testing ci/cd/ct agile methodologies software configuration management build tools programming languages scripting linux/windows system administration,DevOps Engineer
aws kubernetes docker python bash ci/cd terraform leadership communication agile devops scripting,DevOps Engineer
devsecops devops it/security automation cloud best practices linux private/hybrid cloud operations kubernetes containerization vmware amazon web services documentation communication,DevOps Engineer
devops infrastructure as code iac continuous integration/continuous deployment ci/cd containerization orchestration monitoring alerting security automation collaboration performance optimization incident response,DevOps Engineer
ibm urbancode deploy devops service management programming scripting communication infrastructure as code itil agile work practices google cloud platform azure openshift container platform,DevOps Engineer
cloud service providers devops configuration management infrastructure automation continuous integration scalable infrastructure secure cloud infrastructure medical device saas software engineering business security engineers healthcare platform,DevOps Engineer
devops linux windows cloudformation ansible puppet chef terraform aws redhat centos sql,DevOps Engineer
linux tcp / ip stack aws azure apache web server http/s ssl web stack caching shell scripting varnish adobe aem administration,DevOps Engineer
devops java maven gradle jenkins github docker jmeter spring camel sql oracle,DevOps Engineer
cloud architecture infrastructure tooling devops systems and processes technical writing communication skills interpersonal skills teamwork problemsolving skills analytical skills logical skills adaptability,DevOps Engineer
devops testing sdlc agile matrix environment cloud environments azure hadoop oracle jira scrum manual testing,DevOps Engineer
software engineering aws java python new relic splunk datadog swift kotlin sre devops cloud infrastructure,DevOps Engineer
software engineering leadership mentoring cloud infrastructure feature management edge infrastructure ci/cd pipelines aws java python new relic splunk,DevOps Engineer
aws java python new relic splunk datadog swift kotlin agile site reliability engineering sre cloud infrastructure feature management,DevOps Engineer
maven gradle docker kubernetes helm chart rundeck openshift hall architecture cloud computing containerization aws pfc,DevOps Engineer
azure devops devops datadog gitlab azure cloud containerization orchestration docker kubernetes python groovy shell,DevOps Engineer
devops ci/cd gitlab azure devops circleci jenkins bitbucket jfrog artifactory jira git conan cmake,DevOps Engineer
cloud technology leadership strategy itil ccna mcsa azure kubernetes infrastructure automation information security applications infrastructure,DevOps Engineer
devops cloud infrastructure containerization software management infrastructure management legacy application modernization problem monitoring troubleshooting quality control security control ticket prioritization ticket closure,DevOps Engineer
aws blockchain fintech distributed systems kubernates docker ansible terraform nodejs python golang ci/cd,DevOps Engineer
java cucumber testng software testing life cycle agile communication skills teamwork selfmotivation reliability attention to detail trading experience financial experience,DevOps Engineer
devops sre production engineering system architecture system development troubleshooting programming languages python go data structures linux systems internals ci/cd pipelines infrastructure as code terraform ansible aws services ecs s3 alb vpc,DevOps Engineer
kubernetes artifactory gitlab gitlab ci puppet terraform ansible go ruby python devops infrastructure as code,DevOps Engineer
devops continuous delivery automation ai ml hpc linux windows python groovy shell powershell,DevOps Engineer
aws docker kubernetes python puppet unix maven mongodb bamboo jira bitbucket argocd,DevOps Engineer
devops agile github jira sonarqube artifactory redhat openshift kubernetes linux windows servicenow sdlc,DevOps Engineer
devops aws configuration management uptime maximization metricbased monitoring disaster recovery scalability innovation cuttingedge technologies operational support communication process documentation,DevOps Engineer
javascript java html/css typescript sql python go open source rdbms nosql databases container orchestration services docker kubernetes,Full Stack Developer
full stack development php laravel html css mysql git react native react software development frontend development ios app development,Full Stack Developer
wordpress advanced custom fields pro acf custom post types taxonomies wordpress theme structure front end interfaces bootstrap development lifecycle analysis design testing,Full Stack Developer
enterprise architecture microsoft .net azure devops github enterprise java python,Full Stack Developer
software engineering product development analysis software frameworks databases project management teamwork leadership business acumen problemsolving communication creativity,Full Stack Developer
angular javascript java html/css typescript sql python go aws gcp microsoft azure docker,Full Stack Developer
full stack development java javascript typescript aws angular spring microservices unit testing code reviews nodejs frontend development,Full Stack Developer
.net core c# python angular frontend system development life cycle sdlc azure devops microsoft sql server microsoft azure typescript javascript css,Full Stack Developer
java typescript react.js react native redux aws services sql nosql ci/cd tools git jenkins maven,Full Stack Developer
java python angular react html css typescript sql go javascript rdbms nosql,Full Stack Developer
c# angular kubernetes azure sql databases objectoriented programming web services unit testing test automation agile/scrum ci/cd devops,Full Stack Developer
nodejs javascript reactjs html/css typescript sql python go open source rdbms nosql databases container orchestration docker,Full Stack Developer
java angular spring boot javascript jquery html css bootstrap cloudbased solutions devops microservices systems integration strategies,Full Stack Developer
autonomous navigation sensor fusion manipulation and control mechatronics cloud computing infrastructure as code patching release management configuration/deployment/monitoring framework site reliability robotics iot devices,Full Stack Developer
java aws agile javascript html css typescript sql python go opensource frameworks cloud services,Full Stack Developer
python mariadb react nosql angular javascript css html material ui full stack development cyber security apache spark,Full Stack Developer
full stack development tech lead engineering management team leadership technical leadership flutter electron node.js aws aurora aws dynamodb firebase realtime database redis,Full Stack Developer
distributed microservices full stack systems java sql go open source rdbms nosql docker kubernetes fargate aws agile practices,Full Stack Developer
fullstack application software engineer agile methodologies java microservices kafka kubernetes amazon web services aws govcloud postgresql rdbms spring boot framework docker containers,Full Stack Developer
.net fullstack development react.js azure services azure functions azure app services azure sql database restful apis json web services software development methodologies agile practices problemsolving,Full Stack Developer
java spring framework angular rest/web service apis api management oauth jwt microservices spring boot,Full Stack Developer
fullstack development python mariadb react nosql angular javascript css html material ui cyber security agile software development,Full Stack Developer
full stack development agile development ci/cd pipeline test automation debugging react frontend framework java spring javascript typescript nosql,Full Stack Developer
react.js angular.js node.js typescript loopback.io javascript html css full stack development remote work immediate availability references,Full Stack Developer
apache spark kubernetes kafka simp project ansible docker git linux suricata zeke kibana logstash,Full Stack Developer
javascript java aws html css typescript sql node.js vue.js angular docker kubernetes,Full Stack Developer
node.js javascript coffeescript icedcoffeescript backend development web services integration frontend integration collaboration code deployment security measures implementation debugging unit testing,Full Stack Developer
software development full stack development agile development devops devsecops apache spark kubernetes kafka simp project ansible docker git,Full Stack Developer
.net c# angular razor restful apis database management unit testing system testing debugging technical documentation computer science information technology,Full Stack Developer
react application node.js backend markdown github postgres relational database redhat openshift cloud platform ocp discover tupperware okta layer 7 adobe experience manager service now email/sms,Full Stack Developer
full stack engineer node.js php react aws azure google cloud cloud platforms devops containerization technologies microservices architecture html,Full Stack Developer
react babylon.js webgl qt/qml typescript javascript linear algebra computer graphics desktop ui frameworks mobile ui frameworks web ui frameworks linux,Full Stack Developer
java spring swift coredata/corelocation/corebluetooth/mapkit/networking/combine kotlin mobile and server side c++ nodejs angular reactnative flutter reactjs android development ios development postgresql,Full Stack Developer
java javascript sql server cms software development saas troubleshooting debugging performance tuning low code platform logs analysis front end,Full Stack Developer
java microservices spring boot spring cloud jolt programming camunda drools jpa hibernate kafka oracle weblogic,Full Stack Developer
equal employment opportunity,Full Stack Developer
javascript react typescript software engineering css html testing frameworks unbundling employee history enterprise frontend engineering backend product engineering,Full Stack Developer
software development javascript css es6+ nodejs react redux web development html5 css frameworks sass software development tools,Full Stack Developer
vuejs javascript html css react typescript django python netcore c# spring boot java,Full Stack Developer
fullstack development gui framework and services software development ux/ui development agile development c++ c#.net wpf html 5 angularjs rest java adobe photoshop,Full Stack Developer
full stack development servicenow agile vue.js api development java python javascript rest apis user interfaces complex problem solving root cause analysis,Full Stack Developer
.net core c# microsoft sql server soap rest javascript html css ajax bootstrap templating angular,Full Stack Developer
java j2ee jdbc plsql servlets jsp javascript java spring framework node js html oracle db rest,Full Stack Developer
.net c# python rest soap sql nosql angular.js ember.js react agile development communication skills,Full Stack Developer
java python software development web application development data source integration system metrics ts/sci security clearance bachelor s degree onsite in mclean va usa residency,Full Stack Developer
fullstack development react java restful apis mongodb postgresql elasticsearch node.js go software engineering principles multiple programming languages code quality,Full Stack Developer
microsoft .net framework c# .net asp .net javascript css html tsql orm tools sql scripts rest standards api asp.net mvc/asp.net mvc core,Full Stack Developer
php magento laravel html css javascript jquery php mvc frameworks kubernetes docker objectoriented programming software testing,Full Stack Developer
.net c# entity framework postgresql mssql vue3 node.js npm typescript html sass serverside rendering,Full Stack Developer
python aws local development environments github actions azure devops ci/cd pipelines automation testing unit testing integration testing cloud infrastructure reactjs angular nodejs,Full Stack Developer
java python javascript vue sql typescript go nosql docker kubernetes snowflake aws,Full Stack Developer
full stack software engineering robotics realtime systems swarm autonomy machine learning classical algorithms data processing human centered design ux/ui design computer science software engineering web development,Full Stack Developer
node.js express angularjs nosql database cloudbased services user experience deployment testing java javascript source control issue tracking,Full Stack Developer
react nextjs tailwind python transformers embeddings semantic search machine learning deep learning models gpt llama bert,Full Stack Developer
software engineering agile methods c c# java python javascript frameworks devops build automation deployment automation release automation orchestration,Full Stack Developer
.net developer ui design reporting documentation implementation project requirements technical documentation power users training truancy application basil analysis,Full Stack Developer
.net c# python angular.js ember.js react rest soap sql nosql api design agile development methodologies,Full Stack Developer
javascript java html css typescript sql python go agile agile practices cloud computing open source frameworks,Full Stack Developer
full stack development product development software development ui design frontend development backend development rest/graphql apis devsecops cloud development agile methodology unit testing integration testing,Full Stack Developer
web application development asp.net framework entity framework core sql azure sql database mssql aws gcp azure ci/cd pipelines azure devops github,Full Stack Developer
node.js react typescript graphql postgresql aws ai full stack development handson experience problemsolving skills communication skills teamwork,Full Stack Developer
java reactjs react javascript html css restful api sql nosql testing frameworks devops problemsolving,Full Stack Developer
lead engineer web development web application architecture git sql rest apis html dom javascript node.js react.js redux,Full Stack Developer
software engineering agile practices full stack development node.js javascript reactjs html/css typescript sql python go open source rdbms,Full Stack Developer
java javascript aws s3 iam sqs spring boot hibernate asynchronous programming closures es6 react.js redux typescript next.js,Full Stack Developer
c# react software development software testing software maintenance debugging research investigation software architecture software documentation technical communication objectoriented programming,Full Stack Developer
web development html css xhtml javascript ajax sql oracle access html/css iquery accessibility standards wcag,Full Stack Developer
java javascript reactjs angularjs redux html css jsx bootstrap es6 jwt json,Full Stack Developer
.net core asp .net web api asp .net mvc c# sql server entity framework power bi angular wcf tfs visual studio ms unit test framework,Full Stack Developer
.net core c# html css javascript react angular sql server kafka microservices architecture apis web services,Full Stack Developer
.net angular asp .net web api asp .net mvc c# sql server entity framework html 5 javascript react c# oop,Full Stack Developer
backend development frontend development web applications aws docker kubernetes react next.js python sql nosql communication,Full Stack Developer
react java nodejs spring microservices architecture agile development practices devops pipelines continuous integration / deployment test automation ghe source code management e2e software development lifecycle software engineering,Full Stack Developer
oracle databases pl/sql oracle forms php angularjs nodejs react jquery javascript codeigniter bootstrap git,Full Stack Developer
java python angular react javascript html/css typescript sql go docker kubernetes aws,Full Stack Developer
agile aws cloud services container orchestration data docker go html/css javascript java kubernetes nosql,Full Stack Developer
microsoft access java java 1.8 or higher spring boot framework core aop batch jms web services soap/rest oracle pl/sql microservices objectoriented principles multithreaded and synchronization application oops web services soap and rest angular 2.0 and above,Full Stack Developer
software architect full stack development agile html kubernetes java python javascript go sql typescript aws,Full Stack Developer
full stack development product team collaboration agile development design review code review automation testing performance testing ci/cd pipelines internal tool usage rest api development microservices architecture java/spring applications,Full Stack Developer
java c# javascript kdb ion marketaxess bloomberg tradeweb fix protocol broadway api fixed income pricing fixed income analytic,Full Stack Developer
react nextjs typescript go docker gcp sql agile web service rest webrtc grpc,Full Stack Developer
full stack development python react automation api gcp leadership communication chat gpt enterprise search engine,Full Stack Developer
nodejs javascript vue.js vue cli vuex vue router node.js express restful apis sql no sql mongodb,Full Stack Developer
java spring spring boot spring batch microservices angular react typescript redux sql mongodb ci/cd,Full Stack Developer
software engineering java python angular react javascript html css typescript sql go open source rdbms,Full Stack Developer
react node.js markdown github postgres redhat openshift cloud platform okta layer 7 adobe experience manager service now salesforce software development lifecycle,Full Stack Developer
software engineer fullstack development problemsolving communication teamwork leadership learning objectoriented programming java node.js sql html,Full Stack Developer
full stack software engineering robotics machine learning realtime systems sensor information processing fault detection and recovery health management process management data processing telemetry point cloud processing user interface design,Full Stack Developer
full stack software engineer go java angular agile javascript html/css typescript sql python docker kubernetes,Full Stack Developer
software engineering fullstack development java python kotlin c++ robotics hardware integration realtime systems safetycritical systems orchestration state machine design,Full Stack Developer
software development ccl javascript plsql java api integration web services analytics reporting cloud engineering architecture design mentoring,Full Stack Developer
agile practices unit testing java j2ee spring boot microservices angular 2+ javascript html xsl xml json,Full Stack Developer
php laravel javascript react.js node.js aws sql nosql git version control serverless cms platform ecommerce platform,Full Stack Developer
java react framework typescript html css devops ci/cd version control componentbased architecture leadership agile networking,Full Stack Developer
vue.js node.js javascript full stack development debugging data analysis communication bachelor s degree computer engineering electrical engineering computer science agile development rest apis git scrum,Full Stack Developer
java spring boot react javascript typescript cloud platform gcp aws azure ci/cd jenkins tdd,Full Stack Developer
node.js javascript react.js html css typescript sql python go open source rdbms nosql databases container orchestration services,Full Stack Developer
web development ecommerce development fullstack development ux/ui design wordpress php javascript css html woocommerce api development seo,Full Stack Developer
full stack development software solutions programming languages server applications frontend development backend development software products software apps architecture responsive design user interaction user experience,Full Stack Developer
software engineering java node typescript aws cdk github jira rest graphql dynamodb mongodb,Full Stack Developer
c# javascript jquery ajax microsoft mvc stack infragistics toolkit sql server microsoft excel addins software development life cycle design implementation testing,Full Stack Developer
fullstack development frontend development backend development aws infrastructure containerization react node.js express.js sso/authentication sql jira projects service desk confluence,Full Stack Developer
computer science scalable application development accessibility internationalization instrumentation crossplatform development algorithms design patterns javascript node.js java test automation,Full Stack Developer
react node.js graphql tailwind python sql modern web applications problemsolving product sense execution engineering excellence sql proficiency,Full Stack Developer
web development cloud computing software engineering software design software implementation software testing html css javascript typescript python networking,Full Stack Developer
fullstack web development platform development backend development rest apis web frameworks postgresql html css javascript backend language entrepreneurial spirit product thinking,Full Stack Developer
angular javascript nodejs azure cognitive services microsoft bot framework cosmos database cloud computing ai technologies machine learning data preparation model training fine tuning,Full Stack Developer
software development full stack development frontend development backend development product development product strategy climate science ai remote sensing carbon markets soil carbon modeling sustainable finance,Full Stack Developer
software development python javascript java react vue node.js spring spring boot django flask agile,Full Stack Developer
react typescript html javascript frontend development adobe experience manager cms systems microservices springboot ado azure scrum,Full Stack Developer
java full stack development html xhtml css javascript ui development server side technologies j2ee spring mvc jsp servlet,Full Stack Developer
.net application development angular azure devops bootstrap c# data integration mvc .net core jquery microsoft sql server oracle,Full Stack Developer
full stack agile javascript java typescript html/css sql python go open source dbms nosql docker,Full Stack Developer
java python javascript html css typescript sql go open source rdbms nosql docker kubernetes,Full Stack Developer
plc java j2ee spring framework orm tools web services build testing tools relational database sql db2 mulesoft,Full Stack Developer
fullstack development frontend development backend development mobile development web application architecture design html css javascript dynamodb rds api design and implementation data science model integration,Full Stack Developer
full stack development php java python c# javascript css3 html5 angular react,Full Stack Developer
full stack development microservices spring boot containerization oracle database yaml xml rest apis json flat files relevant experience relevant education/training,Full Stack Developer
full stack development java python agile angular aws gcp microsoft azure sql typescript html/css javascript,Full Stack Developer
javascript scala python apache flick stateful functions akka spark data science datadriven analytics algorithms machine learning systems ai,Full Stack Developer
machine learning model development data preparation feature engineering algorithm selection model evaluation deployment monitoring and maintenance tensorflow pytorch python deep learning data manipulation,ML Engineer
data analytics machine learning software engineering cloud computing python pyspark sql hadoop linux git agile distributed systems,ML Engineer
generative ai llms machine learning cloud platforms nlp ml torch tensorflow embeddings relus kotlin consumer finance,ML Engineer
machine learning xgboost tensorflow pytorch fraud detection data manipulation data analysis hypothesis evaluation software development model development data science statistics,ML Engineer
agile machine learning data science python scala java cloud computing distributed computing scikitlearn pytorch dask spark,ML Engineer
ai/ml solutions machine learning systems selfrunning artificial intelligence ai software machine learning objectives machine learning algorithms ml frameworks predictive models user recommendations unstructured data sets data science prototypes complex problems data sets,ML Engineer
machine learning engineer python scikitlearn tensorflow pytorch java c++ cloud platforms aws azure gcp data cleaning,ML Engineer
machine learning predictive maintenance anomaly detection energy efficiency data preprocessing data analytics exploratory data analysis model evaluation aidriven solutions software integration tensorflow pytorch,ML Engineer
machine learning model development data preparation feature engineering algorithm selection model evaluation deployment monitoring maintenance bachelor s degree python tensorflow,ML Engineer
machine learning python numpy pandas numba torch tensorflow jupyter deep learning cloud services gcp aws azure experiment tracking and reproducibility tools mlflow wandb databricks sprint management,ML Engineer
machine learning scala python java cloud computing aws azure google cloud data pipelines data gathering data preparation distributed computing,ML Engineer
machine learning model development data preparation feature engineering algorithm selection model evaluation model deployment monitoring and maintenance python tensorflow pytorch deep learning data handling,ML Engineer
node.js cloud mobile ai/machine learning rpa uipath ai center ai center troubleshooting embedded artificial intelligence machine learning document processing data cleansing uipath rpa developer certification,ML Engineer
machine learning data science statistics python sql java aws gcp azure hadoop spark tensorflow,ML Engineer
agile machine learning data science python scala java ml modeling data pipelines continuous integration continuous deployment ml frameworks spark,ML Engineer
machine learning data sources software design software engineering deep learning computer science pytorch collaborative work programming molecular design applied statistics mathematics,ML Engineer
machine learning data engineering cloud computing agile development scala java python pytorch tensorflow scikitlearn dask spark,ML Engineer
machine learning deep learning model training model optimization distributed training gpu programming tpu programming python statically typed language tensorflow pytorch jax,ML Engineer
machine learning data science ai scalable machine learning systems production data pipelines containerization data collection data analysis data validation data cleansing software development machine learning workflows,ML Engineer
python scala java scikitlearn pytorch dask spark tensorflow aws azure google cloud platform distributed file systems,ML Engineer
machine learning software development statistical modeling scala python java spark aws azure google cloud platform tensorflow pytorch,ML Engineer
machine learning data science python scala java distributed computing data pipelines cloud platforms model selection data gathering feature selection model deployment,ML Engineer
machine learning engineering generative ai information retrieval implementation llm integration response handling productionizing vectorization pipeline integration language chain with backend,ML Engineer
machine learning bachelor s degree software development python java aws gcp onprem clusters cloudbased platform/pipeline development data science communication skills cloud infrastructure,ML Engineer
largescale language models enterprise applications data construction instruction tuning preference alignment model optimization content generation reasoning code generation nlp ranking advertising,ML Engineer
coding data structures algorithms c++ python nlp ranking ads search engines recommender systems distributed systems machine learning,ML Engineer
machine learning deep learning construction project management data science testdriven development statistical analysis internal dstg ml libraries large language models llms computer vision cv software development multigpu platforms agile,ML Engineer
machine learning engineer machine learning platform molecular chemistry olfaction data science statistics linear algebra pytorch tensorflow bayesian statistics probabilistic modeling graph neural networks,ML Engineer
machine learning data science python java c++ tensorflow pytorch scikitlearn data structures algorithms statistics cloud platforms,ML Engineer
machine learning data science python scikitlearn tensorflow pytorch java c++ core machine learning concepts algorithms techniques data cleaning,ML Engineer
machine learning backend development cloud computing etl pipelines ml pipelines python java sql data pipelines spark kafka hadoop,ML Engineer
machine learning software engineering python r sql data engineering etl big data microservices rest api data visualization h2o wave,ML Engineer
machine learning python scala spark xgboost tensorflow pytorch data manipulation data analysis data slicing data dicing hypothesis evaluation,ML Engineer
machine learning deep learning natural language processing python r tensorflow pytorch keras scikitlearn pandas numpy matplotlib,ML Engineer
machine learning algorithm development threat detection image recognition natural language processing predictive analytics jax xla pytorch model training model evaluation model deployment,ML Engineer
ai techniques and frameworks supervised and unsupervised machine learning deep learning natural language processing sentiment analysis retrieval augmented generation llm finetuning model training prompt engineering generative ai models python frameworks,ML Engineer
machine learning algorithms development programming languages predictive analytics prescriptive analytics statistical modelling deep learning computer vision robotics artificial intelligence virtual reality augmented reality,ML Engineer
python java scala spark databricks sql nosql aws docker linux natural language processing deep learning,ML Engineer
machine learning artificial intelligence data science autonomy computer vision deep learning natural language processing predictive analytics prescriptive analytics machine learning algorithms statistical modeling decision trees,ML Engineer
machine learning data science python java c/c++ javascript tensorflow pytorch software architecture software development debugging testing,ML Engineer
data processing machine learning deep learning sql python scala java devops mlops aws google cloud platform databricks,ML Engineer
stable diffusion unity unreal engine ai modeling python c++ c# ai ethics data privacy cloud computing generative models game ai,ML Engineer
machine learning tensorflow pytorch scikitlearn airflow kubeflow data strategies program processes devops ci/cd python problem solving,ML Engineer
computer vision machine learning deep learning tensorflow pytorch keras python c++ java image processing video processing cloud computing,ML Engineer
machine learning deep learning reinforcement learning python tensorflow pytorch numpy pandas sql docker anaconda/conda version control,ML Engineer
machine learning engineering cloud computing backend development ai/client etl pipelines kubernetes airflow oozie spark kafka hadoop json,ML Engineer
ai as a service aiaas machine learning deep learning stream computing mlops inmemory computing natural language processing computer vision recommender systems reinforcement learning data mining data analysis,ML Engineer
machine learning large language models llms predictive modelling data cleaning data analysis software engineering azure snowflake data pipelines model apis python sql,ML Engineer
machine learning cloud computing backend development etl data products client pipelines datarelated technical issues data product needs client system models,ML Engineer
azure devops yaml legacy pipeline azure resources,ML Engineer
machine learning natural language processing computer science python tensorflow pytorch natural language understanding dialogue systems semantic parsing transfer learning limited data learning medical insurance,ML Engineer
machine learning deep learning recommender systems data mining natural language processing computer vision python c++ tensorflow pytorch mxnet foundation models,ML Engineer
c++ python machine learning algorithm development trading strategies quantitative finance software development data analysis data preprocessing tensorflow pytorch scikitlearn,ML Engineer
machine learning data science ai scalable machine learning systems reusable production data pipelines productionquality code libraries containers python spark hadoop docker,ML Engineer
machine learning agile python scala java data intensive solutions distributed computing ml systems data pipelines scikitlearn pytorch dask,ML Engineer
signal processing machine learning artificial intelligence detection algorithms estimation algorithms classification algorithms advanced applications radar radio electronic warfare rf technology signal processing algorithms,ML Engineer
machine learning perception computer vision deep learning recursive state estimation structured prediction optimization python c++ pytorch jax tensorflow,ML Engineer
machine learning deep learning data engineering etl feature engineering agile development spark hadoop hive kafka kinesis tensorflow,ML Engineer
machine learning gpt3 natural language processing nlp architectures pytorch tensorflow generative modeling data analysis transformers large language models multimodal foundation models reinforcement learning,ML Engineer
machine learning ai python scala java big data scikitlearn pytorch dask spark tensorflow distributed computing,ML Engineer
machine learning engineering natural language processing large language models medical text mining clinical decision support patient engagement data mining data science data analysis data preprocessing feature engineering model evaluation,ML Engineer
machine learning python java aws gcp cloudbased platform/pipeline development ml practices data science concepts collaboration skills communication skills cloud infrastructures ci/cd process,ML Engineer
machine learning datatopredictions pipeline endtoend systems software engineering opensource machine learning ecosystems highperformance machine learning systems,ML Engineer
machine learning data science ai/ml ml ops dataiku sage maker sas viya angular react spring spring boot xml,ML Engineer
apache spark sql scala lucene/solr java tensorflow keras python machine learning data engineering data science bachelor s degree in computer science,ML Engineer
machine learning distributed computing python scala java scikitlearn pytorch dask spark tensorflow aws azure,ML Engineer
generative ai machine learning llms nlp tensorflow torch embeddings relus kotlin python hadoop hive,ML Engineer
machine learning engineer data science artificial intelligence tensorflow keras python java scikitlearn pandas opencv linux sql,ML Engineer
machine learning data analysis programming python numpy pandas numba torch tensorflow jupyter deep learning ml model efficiency optimization,ML Engineer
machine learning data science deep learning natural language processing statistical modeling data preprocessing feature engineering python java tensorflow pytorch scikitlearn,ML Engineer
machine learning voice biomarkers mlops pipeline model training model evaluation model deployment data processing cloud services leadership communication python numpy,ML Engineer
machine learning software engineering data engineering mlops devsecops kubernetes gitlab ci/cd github actions python docker prometheus grafana,ML Engineer
machine learning model development data preparation feature engineering algorithm selection model evaluation deployment monitoring and maintenance computer science machine learning artificial intelligence python tensorflow,ML Engineer
python pyspark bash hadoop sql s3 linux ml modeling scala software engineering data warehousing data architecture,ML Engineer
machine learning ai ml nlp deep learning python pytorch c++ tensorflow keras scikitlearn pandas,ML Engineer
machine learning natural language processing data science computer science biological datasets healthcare biotech life sciences pytorch tensorflow algorithms modeling,ML Engineer
artificial intelligence machine learning llm nlp vector databases prompt engineering promptops large language models software development deployment performance evaluation computer science,ML Engineer
machine learning data analysis data engineering model deployment model monitoring data structures software architecture python linear algebra probability statistics machine learning algorithms,ML Engineer
python java golang machine learning deep learning pytorch tensorflow computer vision natural language processing large language models cloud platforms kubernetes,ML Engineer
machine learning natural language processing information retrieval data mining computer science fundamentals data structures algorithms bigo notation concurrency data science languages r matlab,ML Engineer
machine learning productiongrade machine learning models research and development python scientific and deeplearning stack endtoend deeplearning models cloud services agile methodologies software as a medical device fda approvals voice analysis empathetic leadership,ML Engineer
machine learning deep learning model training model deployment model evaluation data analysis fraud detection risk management credit risk transaction fraud identity theft model scoring,ML Engineer
machine learning data engineering data science software engineering agile python machine learning algorithms linux amazon web services apache spark tensorflow pytorch,ML Engineer
machine learning data engineering software development security risk profiling generative ai python scala java scikitlearn pytorch dask,ML Engineer
central ai engineering software engineering ml engineering data science product development machine learning natural language processing computer vision generative ai restful api graphql java,ML Engineer
machine learning large language models llms advanced ai technologies retrievalaugmented generation rag natural language processing data and model parallel training gpu cluster management pytorch analytical skills problemsolving skills leadership skills mentorship skills,ML Engineer
machine learning model development data preparation feature engineering algorithm selection model evaluation deployment monitoring python tensorflow pytorch deep learning,ML Engineer
machine learning software engineering infrastructure design system design devops practices multimodal input data visualization data management python c++ distributed systems data pipelines,ML Engineer
machine learning deep learning statistical modelling python tensorflow pytorch data preprocessing data engineering cloud platforms aws azure gcp,ML Engineer
machine learning data analysis statistics tensorflow pytorch xgboost fraud detection software development model deployment data pipelines sql hypothesis testing,ML Engineer
machine learning data engineering python linux sql scala r golang c# javascript c/c++ tensorflow,ML Engineer
machine learning data preparation feature engineering algorithm selection model evaluation deployment monitoring and maintenance python tensorflow pytorch deep learning data handling,ML Engineer
machine learning data science software engineering python tensorflow pytorch deep learning data preparation feature engineering model evaluation algorithm selection model deployment,ML Engineer
mlops github gitaction splunk cloudwatch argo spark mlflow data science statistics software engineering ai,ML Engineer
machine learning pytorch python neural networks deep learning motion planning state estimation probabilistic modeling computer vision natural language processing reinforcement learning imitation learning,ML Engineer
machine learning python scala java scikitlearn pytorch dask spark tensorflow data engineering distributed computing big data,ML Engineer
machine learning natural language processing deep learning computer science python numpy pandas numba torch tensorflow jupyter gcp,ML Engineer
machine learning nlp python numpy pandas numba torch tensorflow jupyter data processing model deployment cloud computing gcp aws azure,ML Engineer
machine learning model development data preparation feature engineering algorithm selection model evaluation deployment monitoring and maintenance python tensorflow pytorch deep learning data manipulation,ML Engineer
software development ml engineering python java cloud computing aws gcp onprem clusters cloudbased platform development cloudbased pipeline development productization basic ml practices,ML Engineer
ml/mlops engineering aws sage maker aws services machine learning frameworks agile environments model deployment strategies python sql spark dask ray snowpark,ML Engineer
machine learning generative ai infor retrieval implementation vectorization pipeline productionizing natural language processing nlp natural language chain integration,ML Engineer
machine learning mlops robotics python tensorflow keras pytorch scikitlearn tensorrt model compression techniques crossfunctional teamwork communication skills,ML Engineer
llms natural language processing machine learning generative ai api integration cloud deployment aws azure nextjs tailwindcss python fastapi,ML Engineer
python sql machine learning advanced analytics google cloud platform gcp cloud based ml pipelines devops agile data modeling data pipelines api endpoints machine learning features,ML Engineer
machine learning data preparation feature engineering algorithm selection model evaluation model deployment monitoring programming python tensorflow pytorch deep learning,ML Engineer
machine learning cloud computing data engineering data pipelines data preparation python scala java scikitlearn pytorch dask spark,ML Engineer
machine learning ai architect devops kubernetes dask ray nosql git azure ml azure ai azure devops docker,ML Engineer
machine learning python scala java distributed computing scikitlearn pytorch dask spark tensorflow aws azure,ML Engineer
machine learning data preparation feature engineering algorithm selection model evaluation deployment monitoring python tensorflow pytorch docker kubernetes,ML Engineer
machine learning nlp small language models large language models deep learning transfer learning ai infrastructure scalable architectures productionready ml solutions classification entity extraction recommendation engines,ML Engineer
machine learning natural language processing python software engineering aws pytorch scikitlearn tensorflow nlp tokenization entity extraction language models,ML Engineer
machine learning python numpy pandas numba torch tensorflow jupyter deeplearning model optimization cloud services gcp,ML Engineer
machine learning data science python linear algebra probability statistics machine learning algorithms linux amazon web services apache spark version control tensorflow,ML Engineer
machine learning artificial intelligence deep learning computer vision natural language processing signal processing matlab python tensorflow pytorch c++ radar systems,ML Engineer
ai machine learning generative models large language models deep learning reinforcement learning finetuning tensorflow pytorch agile data science hadoop,ML Engineer
machine learning deep learning python data manipulation data analytics identity verification fraud detection risk management model training model deployment model evaluation natural language processing,ML Engineer
databases machine learning python backend development data analysis statistics computer science software development modeling data warehousing system design algorithms,ML Engineer
machine learning data preparation feature engineering algorithm selection model evaluation deployment monitoring python tensorflow pytorch deep learning data manipulation,ML Engineer
machine learning nlp python tensorflow pytorch numpy pandas numba data processing speech processing voice recognition audio classification,ML Engineer
nodejs kubernetes amazon elastic container service ecs service mesh multiple programming languages programming projects experience,Backend Developer
golang typescript react circleci github actions docker kubernetes protobuf aws systems programming multithreading concurrency,Backend Developer
python django postgresql react aws golang java ruby rust software architecture design patterns agile,Backend Developer
backend development software engineering rest apis big data analytics cloud computing aws azure google app engine machine learning devops php laravel python objectoriented programming graph design,Backend Developer
python django flask node.js javascript typescript linux docker kubernetes aws terraform ansible,Backend Developer
senior backend engineer system architecture highavailability services security authentication apis database management data processing streaming data services realtime data processing scalability performance optimization,Backend Developer
software engineering backend development golang distributed systems sre multithreading concurrency systems programming java c assembly kubernetes,Backend Developer
software engineering backend systems web development api development cloud services concurrency testing continuous integration continuous delivery jvm kotlinsql kubernetes,Backend Developer
backend microservices authentication databases streaming data services documentation product management go node.js react python cassandra,Backend Developer
java kotlin spring springboot aws azure gcp devops ci/cd data structures algorithms system design,Backend Developer
backend systems service apis data processing messaging services cloud services web systems api systems kotlinsql kubernetes kafka github actions circleci,Backend Developer
java groovy spring rest sql nosql microservices cloudnative applications opensource software networks security firewalls,Backend Developer
backend engineering microservices architecture low latency systems realtime data processing sensitive data detection authentication services api development database management internal services maintenance data streaming optimization data visibility instrumentation documentation creation,Backend Developer
mlops python golang nodejs envoy kubernetes docker helm sql mongodb couchdb data lakes,Backend Developer
aws kubernetes lambda eks rds ec2 node.js react web components backend systems productionquality backend code systems design,Backend Developer
backend engineering microservices architecture data processing authentication apis databases data streaming scalability reliability data processing pipelines hadoop hive,Backend Developer
asp.net core entity framework signalr postgres microsoft azure cloudflare powershell xunit typescript vue.js masstransit problemsolving,Backend Developer
distributed ledger technology superannuation managed funds dlta platform data remediation opex dev team management software release coordination system metrics monitoring p1 incident response hybrid work environment flexible work environment diverse work culture,Backend Developer
healthcare telemedicine backend engineering api development database management data storage data retrieval data processing data security hipaa compliance performance optimization code optimization,Backend Developer
backend development frontend development java c# python javascript php ruby go distributed systems cloud platforms aws,Backend Developer
typescript node.js cloud technologies data architecture application development cloud platforms agile development methodology scrum financial calculations javascript apis rest,Backend Developer
rust aws serverless infrastructure cloud engineering system configuration system design sre devops monitoring tools logging tools traffic infrastructure routing requests,Backend Developer
software engineering backend systems web systems api systems cloud services continuous integration continuous delivery jvm jvm languages distributed systems microservices data processing,Backend Developer
agile restful oauth unit testing continuous deployment ci/cd microservices docker containers spring boot mysql oracle,Backend Developer
back end engineering coding in java python data stores api access and integration relational and nonrelational databases caching technologies web services objectoriented design software development software design principles algorithms data structures,Backend Developer
backend development microservices architecture authentication and api services internal databases and services streaming data services data visualization documentation writing product management go node.js react python,Backend Developer
c# .net core aws kubernetes kafka redis typescript angular system design oop design patterns data structures,Backend Developer
node.js express.js mongo graphql apollo aws lambda authorization api design webhooks versioning token management agile development,Backend Developer
software development product management systems engineering backend engineering aws cloud sre/devops ci/cd rust infrastructure systems scalability startup environment high quality code,Backend Developer
backend development microservices architecture authentication services api services database management data streaming data visualization documentation writing product definition go node.js react,Backend Developer
microservices authentication api databases streaming data processing realtime data visualization documentation product management go node.js,Backend Developer
go node.js react python cassandra redis terraform docker kubernetes aws kafka envoy,Backend Developer
backend engineering microservices architecture authentication api development database management data processing streaming data services scalability reliability documentation product definition go,Backend Developer
java spring boot node.js php aws ec2 ecs lambda fargate feature toggles end point version control continuous delivery,Backend Developer
cloud computing distributed systems software development product management kubernetes aws golang typescript react docker protobuf circleci,Backend Developer
java spring boot node.js php aws ec2 ecs lambda fargate feature toggles continuous delivery kanban,Backend Developer
software engineering go web application frameworks api development cloudbased computing cloud messagebased architectures testdriven development test plans unit tests automated testing frameworks infrastructure as code terraform,Backend Developer
backend engineering senior backend engineer cloud provider playfab/azure/gcp/aws serverside language and framework scalable microservices nginx mysql redis elasticsearch prometheus docker kubernetes,Backend Developer
aws kubernetes react docker node.js system design problem solving scalability reliability performance maintainability code debugging,Backend Developer
java 8 plus functional programming reactive systems spring boot webflux mongodb couchbase microservices rest api based services design implementation,Backend Developer
backend development typescript node.js cloud technologies data architecture data visualizations apis rest graphql xml http json,Backend Developer
java j2ee spring springboot rest api microservices devops junit unit testing,Backend Developer
php python node.js java mysql git docker aws apache javascript error handling authentication,Backend Developer
senior backend engineer microservices authentication api databases data processing streaming data volume scalability high availability reliability documentation,Backend Developer
software engineering backend systems service apis data processing messaging services web systems api systems cloud services unit testing integration testing continuous integration continuous delivery,Backend Developer
go gcp protobuf mysql cloud technologies sql devops finops software development datadriven approach pragmatic technical plans software deployment,Backend Developer
asp.net .net core c# sql server azure services azure sql react js kendoui telerik bootstrap less css ajax,Backend Developer
webflow javascript node.js mongo react typescript elasticsearch scalable multitenanted environment crossfunctional team collaboration software performance optimization search engine optimization high throughput systems,Backend Developer
distributed systems cloud computing aws serverless computing autoscaling typescript python golang rust sql nosql database optimization,Backend Developer
product creation b2b analytics saas platform marketing attribution data integration funnel analytics ltv analysis churn rate analysis mrr analysis automated insights conversion goals visual funnels,Backend Developer
java spring 5 spring data testdriven development tdd aws services remote work,Backend Developer
typescript node.js cloud technologies aws azure rest graphql xml http json apis agile development methodology,Backend Developer
backend development typescript javascript node.js aws azure cloud technologies data architecture apidriven web applications rest graphql xml,Backend Developer
backend software engineering software development distributed systems golang c java kubernetes aws circleci github actions docker protobuf,Backend Developer
software engineering go programming language web application frameworks api development cloud computing cloud messagebased architectures testdriven development test plans unit tests automated testing frameworks infrastructure as code terraform,Backend Developer
java spring hibernate database administration jee unit testing mysql building enterprise saas containers solid design patterns ci/cd,Backend Developer
backend engineering system configuration internal systems service deployment scaling rust cloud infrastructure aws devops sre/devops traffic infrastructure reliability guidelines,Backend Developer
java c# sql xml json aws dynamodb redshift hadoop spark hive docker,Backend Developer
software development python django aws postgresql database design javascript react ci/cd test automation agile methodologies ambiguous/uncertain problem solving,Backend Developer
backend development golang kubernetes protobuf aws typescript react docker circleci github actions distributed systems systems programming,Backend Developer
software development systems programming multithreading concurrency golang typescript react circleci github actions docker kubernetes protobuf,Backend Developer
node.js express.js next.js git aws azure google cloud sql postgresql mongodb kubernetes docker,Backend Developer
php laravel mysql aws terraform reactjs graphql coding standards best practices code reviews mentoring iac principals/tooling,Backend Developer
backend development full stack development web application development java go typescript angular highly scalable systems integrated web applications scalable code high performance code instrumented code,Backend Developer
slack typescript apollo node.js bolt postgres heroku react express web technologies web application architecture strong opinions,Backend Developer
node.js python go java cloud aws lambda devops problemsolving communication computer science banking,Backend Developer
backend development java python kafka kinesis redshift spark rest soap aws mysql sql server,Backend Developer
python java javascript typescript go aws react cloud platforms,Backend Developer
backend development data analytics infrastructure setup automation problemsolving programming skills debugging testing mentoring training java python,Backend Developer
backend development machine learning artificial intelligence virtual assistants blockchain microleadership service learning multidisciplinary collaboration project management human resource business partners mobile application development nature immersion,Backend Developer
java microservices springboot cloud azure aws pcf scalable application ui angular middleware mq kafka,Backend Developer
java aws cloud restful apis serverless apis unit testing client testing object oriented programming pos credit card payment processing clean code core java multithreading,Backend Developer
cloud platform opensource llms llama scalable systems and architecture aws distributed systems software development for model execution c++ python typescript node.js social media,Backend Developer
microservices web development api development cloud computing continuous integration continuous delivery jvm kotlin sql kubernetes kafka github actions,Backend Developer
senior backend engineer java c# python javascript php ruby go web application development distributed systems cloud platforms aws/gcp/azure database platforms mysql,Backend Developer
golang typescript react circleci/github actions docker kubernetes protobuf aws systems programming multithreading concurrency sre principles,Backend Developer
go typescript react circleci github actions docker kubernetes protobuf aws senior backend software engineer distributed systems systems programming,Backend Developer
backend development typescript node.js cloud technologies data architecture apidriven web applications cloud architecture design thirdparty data integration data refactoring code quality management documentation code review,Backend Developer
aws gcp serverless terraform jenkins typescript javascript python cloud native platforms serverless framework lambda hashicorp vault,Backend Developer
software development design development testing deployment coding problemsolving product management prioritization time management delivery management collaboration,Backend Developer
node.js javascript typescript sql apis data integrity data consistency frontend development backend development database performance query optimization data flow,Backend Developer
senior back end developer java core java software design development data structures algorithms java performance optimizations version control systems git cloud technologies apis software development life cycle problem solving strong work ethic,Backend Developer
backend development software engineering computer science stem distributed web applications objectoriented development graph design big data optimization cloud computing algorithm complexity analysis machine learning devops,Backend Developer
backend development java python kafka kinesis redshift spark apis aws mysql sql server postgresql,Backend Developer
aws devops rust microservices container infrastructure high performance computing distributed systems fullstack engineering state management platform serverless architectures cloud infrastructure monitoring,Backend Developer
backend engineering low latency architecture microservices architecture authentication services api services database maintenance data streaming data optimization data instrumentation documentation stakeholder collaboration go,Backend Developer
senior developer activestate platform saas platform cli tool build engineering python perl tcl ruby dependency hell golang docker,Backend Developer
senior backend engineer c# java python javascript go ruby php mysql kubernetes aws gcp,Backend Developer
aws cloud infrastructure sre devops monitoring tools logging tools traffic infrastructure routing requests release processing ci/cd reliability guidelines durability,Backend Developer
python rest api node.js javascript html css sql mysql postgresql amazon aws jenkins schemabased databases,Backend Developer
java microservices modular design data structures algorithms spring boot angular production systems api design restful principles git scm systems,Backend Developer
java nodejs git jenkins aws restful apis payment gateway apis database experience pci compliance owasp security principles architectural patterns troubleshooting,Backend Developer
aws artificial intelligence azure big data data structures devops google app engine languages php laravel python machine learning objectoriented programming qulity assurance rest apis,Backend Developer
backend development typescript node.js cloud technologies data architecture data integration data management data visualization investment sourcing deal management portfolio management finance,Backend Developer
backend engineering microservices real time data processing authentication apis databases streaming data services documentation feature definition go node.js react,Backend Developer
engineering backend development microservices java python redis postgres kafka aws datadriven decision making troubleshooting software testing,Backend Developer
java restful api hibernate jpa performance tuning spring framework dependency injection spring security pub/sub apache kafka google cloud google cloud functions,Backend Developer
nodejs html css kubernetes ecs service mesh programming languages multiple problem solving curiosity,Backend Developer
aws lambda api gateway dynamodb rds python nodejs java sql nosql redis memcached,Backend Developer
java microservices java/j2ee sql nosql kafka agile development scrum software development lifecycle debugging research troubleshooting,Backend Developer
backend development system design api design and development aws node.js postgresql realtime systems scalable systems distributed systems communication leadership fastpaced environment,Backend Developer
ruby on rails production software development experience largescale web applications mysql / postgresql database experience caching apis teamwork maintainable and welltested code continuous improvement troubleshooting problem solving uphold high technical standards,Backend Developer
node js restful apis technical documentation unit testing git agile/scrum english communication adaptability angular typescript javascript docker,Backend Developer
data integration data management data visualization typescript node.js cloud technologies apidriven web applications cloud architecture design data sources integration refactoring build and test systems code quality,Backend Developer
microservices java nodejs git jenkins aws restful apis thirdparty vendor apis payment gateway apis database pci compliance owasp security principles,Backend Developer
backend development nest js node js mvc aws ci/cd tdd unit testing functional testing restful apis data storage solutions sql,Backend Developer
software engineering go web application frameworks api development highquality code cloud computing modern cloud messagebased architectures testdriven development test plans unit tests automated testing frameworks infrastructure as code,Backend Developer
typescript node.js cloud technologies data architecture web applications apis cloud platforms agile development scrum javascript html css,Backend Developer
software engineering backend systems web services high load data consistency cloud services continuous integration continuous delivery java virtual machine distributed systems microservices data processing,Backend Developer
software requirements gathering backend architecture design api development rest api python golang javascript scrum database authentication unit testing code review,Backend Developer
backend development typescript node.js cloud technologies data architecture web development apidriven web applications cloud platforms aws azure agile development scrum financial calculations javascript clientserver single page applications,Backend Developer
aws ci/cd devops rust sre backend engineering cloud infrastructure computer science distributed systems high growth startup infrastructure engineering monitoring,Backend Developer
backend development typescript node.js cloud technologies data architecture apis cloud architecture design javascript single page applications agile development methodology aws azure,Backend Developer
typescript node.js cloud technologies data architecture data integration data management data visualization investment sourcing deal management portfolio management finance agile development methodology,Backend Developer
java spring spring boot spring mvc mybatis mysql caching technologies message middleware distributed technologies slow query optimization multilayered architecture systems largescale distributed systems,Backend Developer
senior backend engineer low latency realtime microservices authentication api services databases streaming data services utilization documentation product management go node.js,Backend Developer
backend development php laravel python cloud computing platforms aws azure google app engine rest apis big data realtime analytics machine learning,Backend Developer
senior backend software engineer golang go systems programming multithreading concurrency software engineering strong cs fundamentals collaborative teamwork software development tooling development typescript,Backend Developer
reactjs webpack build configuration pn packages software development life cycle sdlc unit testing documentation flowcharts layouts diagrams charts code comments api s,Backend Developer
python tornado libindy postgresql redis make systemd ubuntu api development web development public api design and implementation data integrity,Backend Developer
